title,subtitle,quantity,price_per_metric,promo_message,old_price,discount,new_price,eye_catcher,additional_offers,category_id,url,availability
Aldis,Șunculiță condimentată,100 g,"(=1 kg 34,90)",Reducere cu KauflandCard,"4,85",- 28%,"3,49",,0,01,https://www.kaufland.ro/oferte/saptamana-curenta/produs.so_id=00072264.html,Valabilitate: din 21.10.2020 până în 27.10.2020
Campofrio,Salam de vară,500 g,"(=1 kg 21,36)",Reducere cu Kaufland Card,"12,89",- 17%,"10,68",,0,01,https://www.kaufland.ro/oferte/saptamana-curenta/produs.so_id=00073392.html,Valabilitate: din 21.10.2020 până în 27.10.2020
Cristim,Salam săsesc,350 g,"(=1 kg 37,98)",Reducere cu Kaufland Card,"15,49",- 14%,"13,29",,0,01,https://www.kaufland.ro/oferte/saptamana-curenta/produs.so_id=00203198.html,Valabilitate: din 21.10.2020 până în 27.10.2020
K-Classic,Cârnaţi,540 g,,,"11,69",- 25%,"8,69",,0,01,https://www.kaufland.ro/oferte/saptamana-curenta/produs.so_id=00035165.html,Valabilitate: din 21.10.2020 până în 27.10.2020
Meda,Crenwurşti,100 g,,,"3,09",- 11%,"2,75",,0,01,https://www.kaufland.ro/oferte/saptamana-curenta/produs.so_id=00036226.html,Valabilitate: din 21.10.2020 până în 27.10.2020
Ţara Mea,Ruladă de pui,100 g,,,"4,69",- 27%,"3,39",,0,01,https://www.kaufland.ro/oferte/saptamana-curenta/produs.so_id=00048352.html,Valabilitate: din 21.10.2020 până în 27.10.2020
Meda,Cotlet haiducesc,100 g,,,"6,49",- 20%,"5,19",,0,01,https://www.kaufland.ro/oferte/saptamana-curenta/produs.so_id=00052679.html,Valabilitate: din 21.10.2020 până în 27.10.2020
Meda,Şunca fină,650 g,,,"24,09",- 20%,"19,19",,0,01,https://www.kaufland.ro/oferte/saptamana-curenta/produs.so_id=00067786.html,Valabilitate: din 21.10.2020 până în 27.10.2020
Fragedo,Aripi de pui secţionate,kg,,,"13,49",- 11%,"11,99",,0,01,https://www.kaufland.ro/oferte/saptamana-curenta/produs.so_id=00076383.html,Valabilitate: din 21.10.2020 până în 27.10.2020
Fragedo,Pui grill,kg,,,"11,49",- 13%,"9,89",,0,01,https://www.kaufland.ro/oferte/saptamana-curenta/produs.so_id=00076385.html,Valabilitate: din 21.10.2020 până în 27.10.2020
La Provincia,Pulpă de pui,kg,,,"8,99",- 17%,"7,39",,0,01,https://www.kaufland.ro/oferte/saptamana-curenta/produs.so_id=00080434.html,Valabilitate: din 21.10.2020 până în 27.10.2020
Muşchiuleţ de porc,,kg,,,"27,99",- 21%,"21,99",,0,01,https://www.kaufland.ro/oferte/saptamana-curenta/produs.so_id=00088524.html,Valabilitate: din 21.10.2020 până în 27.10.2020
Pulpă de porc fără os,,kg,,,"19,99",- 35%,"12,99",,0,01,https://www.kaufland.ro/oferte/saptamana-curenta/produs.so_id=00088529.html,Valabilitate: din 21.10.2020 până în 27.10.2020
Țara Mea,Piept de pui dezosat,650 g,,,"13,99",- 22%,"10,89",,0,01,https://www.kaufland.ro/oferte/saptamana-curenta/produs.so_id=00094717.html,Valabilitate: din 21.10.2020 până în 27.10.2020
Meda,Salam bănățean,330 g,,,"15,19",- 27%,"10,99",,0,01,https://www.kaufland.ro/oferte/saptamana-curenta/produs.so_id=00099420.html,Valabilitate: din 21.10.2020 până în 27.10.2020
Meda,Salam Sinaia,100 g,,,"6,45",- 22%,"4,99",,0,01,https://www.kaufland.ro/oferte/saptamana-curenta/produs.so_id=00099422.html,Valabilitate: din 21.10.2020 până în 27.10.2020
Cârnăciori picanţi,,kg,,,"19,99",- 25%,"14,99",,0,01,https://www.kaufland.ro/oferte/saptamana-curenta/produs.so_id=00100267.html,Valabilitate: din 21.10.2020 până în 27.10.2020
Ciolan de porc,,100 g,,,"1,79",- 33%,"1,19",,0,01,https://www.kaufland.ro/oferte/saptamana-curenta/produs.so_id=00100460.html,Valabilitate: din 21.10.2020 până în 27.10.2020
Steakhouse,Aripi de pui,600 g,,,"20,99",- 11%,"18,49",,0,01,https://www.kaufland.ro/oferte/saptamana-curenta/produs.so_id=00108227.html,Valabilitate: din 21.10.2020 până în 27.10.2020
K-Purland,Carne tocată,750 g,,,"17,99",- 22%,"13,99",,0,01,https://www.kaufland.ro/oferte/saptamana-curenta/produs.so_id=00117820.html,Valabilitate: din 21.10.2020 până în 27.10.2020
K-Purland,Carne tocată,1000 g,,,"16,99",- 29%,"11,99",,0,01,https://www.kaufland.ro/oferte/saptamana-curenta/produs.so_id=00117901.html,Valabilitate: din 21.10.2020 până în 27.10.2020
Irish Lamb,Piept de miel,kg,,,,,"25,99",,0,01,https://www.kaufland.ro/oferte/saptamana-curenta/produs.so_id=00121562.html,Valabilitate: din 21.10.2020 până în 27.10.2020
Meda,Salam vienez,250 g,,,"10,99",- 20%,"8,79",,0,01,https://www.kaufland.ro/oferte/saptamana-curenta/produs.so_id=00129487.html,Valabilitate: din 21.10.2020 până în 27.10.2020
Cârnați Turinger,,500 g,,,"7,99",- 12%,"6,99",,0,01,https://www.kaufland.ro/oferte/saptamana-curenta/produs.so_id=00129572.html,Valabilitate: din 21.10.2020 până în 27.10.2020
Cotlet de porc,,kg,,,,,"14,99",,0,01,https://www.kaufland.ro/oferte/saptamana-curenta/produs.so_id=00131356.html,Valabilitate: din 21.10.2020 până în 27.10.2020
Caroli,Salam Victoria,800 g,,,"21,69",- 13%,"18,69",,0,01,https://www.kaufland.ro/oferte/saptamana-curenta/produs.so_id=00202892.html,Valabilitate: din 21.10.2020 până în 27.10.2020
Wein,Şuncă Pădurea Neagră,350 g,,,"15,99",- 21%,"12,49",,0,01,https://www.kaufland.ro/oferte/saptamana-curenta/produs.so_id=00204664.html,Valabilitate: din 21.10.2020 până în 27.10.2020
Sissi,Şuncă din piept de pui,100 g,,,"4,29",- 11%,"3,79",,0,01,https://www.kaufland.ro/oferte/saptamana-curenta/produs.so_id=01004802.html,Valabilitate: din 21.10.2020 până în 27.10.2020
Linguri,,1 set,,,"12,99",- 38%,"7,99",,1,01,https://www.kaufland.ro/oferte/saptamana-curenta/produs.so_id=00022534.html,Valabilitate: din 21.10.2020 până în 27.10.2020
Furculiţe,,1 set,,,"13,99",- 42%,"7,99",,1,01,https://www.kaufland.ro/oferte/saptamana-curenta/produs.so_id=00022536.html,Valabilitate: din 21.10.2020 până în 27.10.2020
Caserole cu capac,,1 set,,,,,"22,99",Ofertă specială,1,01,https://www.kaufland.ro/oferte/saptamana-curenta/produs.so_id=00076229.html,Valabilitate: din 21.10.2020 până în 27.10.2020
Bormioli,Farfurie întinsă,1 buc,,,,,"3,99",Ofertă specială,1,01,https://www.kaufland.ro/oferte/saptamana-curenta/produs.so_id=00081363.html,Valabilitate: din 21.10.2020 până în 27.10.2020
Bormioli,Farfurie adâncă,1 buc,,,,,"3,99",Ofertă specială,1,01,https://www.kaufland.ro/oferte/saptamana-curenta/produs.so_id=00081365.html,Valabilitate: din 21.10.2020 până în 27.10.2020
Bormioli,Farfurie desert,1 buc,,,,,"3,99",Ofertă specială,1,01,https://www.kaufland.ro/oferte/saptamana-curenta/produs.so_id=00081366.html,Valabilitate: din 21.10.2020 până în 27.10.2020
K-Classic,Candelă ulei timp de ardere: 120 h,1 buc,,,"5,99",- 41%,"3,49",,1,01,https://www.kaufland.ro/oferte/saptamana-curenta/produs.so_id=00081686.html,Valabilitate: din 21.10.2020 până în 27.10.2020
K-Classic,Candelă ulei timp de ardere: 60 h,1 buc,,,"3,29",- 39%,"1,99",,1,01,https://www.kaufland.ro/oferte/saptamana-curenta/produs.so_id=00081688.html,Valabilitate: din 21.10.2020 până în 27.10.2020
Bormioli,Bol cca. 23 cm,1 buc,,,,,"11,99",Ofertă specială,1,01,https://www.kaufland.ro/oferte/saptamana-curenta/produs.so_id=00082243.html,Valabilitate: din 21.10.2020 până în 27.10.2020
Bormioli,Cană,1 buc,,,,,"6,99",Ofertă specială,1,01,https://www.kaufland.ro/oferte/saptamana-curenta/produs.so_id=00085235.html,Valabilitate: din 21.10.2020 până în 27.10.2020
Candelă cu capac,pentru exterior timp de ardere: 10 h,1 buc,,,"3,19",- 37%,"1,99",,1,01,https://www.kaufland.ro/oferte/saptamana-curenta/produs.so_id=00086878.html,Valabilitate: din 21.10.2020 până în 27.10.2020
Vase emailate,,1 buc,,,,,"12,99",Ofertă specială,1,01,https://www.kaufland.ro/oferte/saptamana-curenta/produs.so_id=00089260.html,Valabilitate: din 21.10.2020 până în 27.10.2020
Lampion cu LED,,1 buc,,,,,"6,99",Ofertă specială,1,01,https://www.kaufland.ro/oferte/saptamana-curenta/produs.so_id=00091872.html,Valabilitate: din 21.10.2020 până în 27.10.2020
Costum vrăjitoare,mărime: 128-140,1 buc,,,,,"24,99",Ofertă specială,1,01,https://www.kaufland.ro/oferte/saptamana-curenta/produs.so_id=00091879.html,Valabilitate: din 21.10.2020 până în 27.10.2020
Costum vrăjitoare,mărime: 152-164,1 buc,,,,,"24,99",Ofertă specială,1,01,https://www.kaufland.ro/oferte/saptamana-curenta/produs.so_id=00091882.html,Valabilitate: din 21.10.2020 până în 27.10.2020
Costum schelet,,1 buc,,,,,"24,99",Ofertă specială,1,01,https://www.kaufland.ro/oferte/saptamana-curenta/produs.so_id=00091894.html,Valabilitate: din 21.10.2020 până în 27.10.2020
Costum schelet,mărime: 152-164,1 buc,,,,,"24,99",Ofertă specială,1,01,https://www.kaufland.ro/oferte/saptamana-curenta/produs.so_id=00091896.html,Valabilitate: din 21.10.2020 până în 27.10.2020
Mănuşi schelet,,1 buc,,,,,"6,99",Ofertă specială,1,01,https://www.kaufland.ro/oferte/saptamana-curenta/produs.so_id=00091907.html,Valabilitate: din 21.10.2020 până în 27.10.2020
Coroniță Halloween,,1 buc,,,,,"6,99",Ofertă specială,1,01,https://www.kaufland.ro/oferte/saptamana-curenta/produs.so_id=00091908.html,Valabilitate: din 21.10.2020 până în 27.10.2020
Figurină decorativă,,1 buc,,,,,"6,99",Ofertă specială,1,01,https://www.kaufland.ro/oferte/saptamana-curenta/produs.so_id=00091910.html,Valabilitate: din 21.10.2020 până în 27.10.2020
Mască Halloween,,1 buc,,,,,"19,99",Ofertă specială,1,01,https://www.kaufland.ro/oferte/saptamana-curenta/produs.so_id=00091927.html,Valabilitate: din 21.10.2020 până în 27.10.2020
Mască Halloween,,1 buc,,,,,"19,99",Ofertă specială,1,01,https://www.kaufland.ro/oferte/saptamana-curenta/produs.so_id=00091929.html,Valabilitate: din 21.10.2020 până în 27.10.2020
Costum vampir,,1 buc,,,,,"24,99",Ofertă specială,1,01,https://www.kaufland.ro/oferte/saptamana-curenta/produs.so_id=00092016.html,Valabilitate: din 21.10.2020 până în 27.10.2020
Linguriţă,,1 buc,,,,,"1,49",Ofertă specială,1,01,https://www.kaufland.ro/oferte/saptamana-curenta/produs.so_id=00095391.html,Valabilitate: din 21.10.2020 până în 27.10.2020
Lingură,,1 buc,,,,,"1,49",Ofertă specială,1,01,https://www.kaufland.ro/oferte/saptamana-curenta/produs.so_id=00095392.html,Valabilitate: din 21.10.2020 până în 27.10.2020
Furculiţă,,1 buc,,,,,"1,49",Ofertă specială,1,01,https://www.kaufland.ro/oferte/saptamana-curenta/produs.so_id=00095393.html,Valabilitate: din 21.10.2020 până în 27.10.2020
Bormioli,"Bol cca. 13,5 cm",1 buc,,,,,"5,99",Ofertă specială,1,01,https://www.kaufland.ro/oferte/saptamana-curenta/produs.so_id=00101652.html,Valabilitate: din 21.10.2020 până în 27.10.2020
Bormioli,Platou oval,1 buc,,,,,"11,99",Ofertă specială,1,01,https://www.kaufland.ro/oferte/saptamana-curenta/produs.so_id=00105068.html,Valabilitate: din 21.10.2020 până în 27.10.2020
Candelă cu capac,timp de ardere: 10 h,1 buc,,,,,"0,99",Ofertă specială,1,01,https://www.kaufland.ro/oferte/saptamana-curenta/produs.so_id=00105696.html,Valabilitate: din 21.10.2020 până în 27.10.2020
Instalaţie decorativă,,1 buc,,,,,"9,99",Ofertă specială,1,01,https://www.kaufland.ro/oferte/saptamana-curenta/produs.so_id=00111736.html,Valabilitate: din 21.10.2020 până în 27.10.2020
Instalaţie decorativă,,1 buc,,,,,"9,99",Ofertă specială,1,01,https://www.kaufland.ro/oferte/saptamana-curenta/produs.so_id=00111814.html,Valabilitate: din 21.10.2020 până în 27.10.2020
Geantă Halloween,,1 buc,,,,,"11,99",Ofertă specială,1,01,https://www.kaufland.ro/oferte/saptamana-curenta/produs.so_id=00111815.html,Valabilitate: din 21.10.2020 până în 27.10.2020
K-Classic,Şerveţele albe,1 set,,,,,"1,99",,1,01,https://www.kaufland.ro/oferte/saptamana-curenta/produs.so_id=00113120.html,Valabilitate: din 21.10.2020 până în 27.10.2020
Decorațiune Halloween,,1 buc,,,,,"5,99",Ofertă specială,1,01,https://www.kaufland.ro/oferte/saptamana-curenta/produs.so_id=00113262.html,Valabilitate: din 21.10.2020 până în 27.10.2020
Decorațiune Halloween,,1 buc,,,,,"3,99",Ofertă specială,1,01,https://www.kaufland.ro/oferte/saptamana-curenta/produs.so_id=00113264.html,Valabilitate: din 21.10.2020 până în 27.10.2020
Găleată Halloween cu LED,,1 buc,,,,,"19,99",Ofertă specială,1,01,https://www.kaufland.ro/oferte/saptamana-curenta/produs.so_id=00113313.html,Valabilitate: din 21.10.2020 până în 27.10.2020
Farfurie desert,,1 buc,,,,,"2,99",Ofertă specială,1,01,https://www.kaufland.ro/oferte/saptamana-curenta/produs.so_id=00115174.html,Valabilitate: din 21.10.2020 până în 27.10.2020
Bol,"cca. 0,95 l",1 buc,,,,,"4,99",Ofertă specială,1,01,https://www.kaufland.ro/oferte/saptamana-curenta/produs.so_id=00115175.html,Valabilitate: din 21.10.2020 până în 27.10.2020
Farfurie întinsă,,1 buc,,,,,"3,99",Ofertă specială,1,01,https://www.kaufland.ro/oferte/saptamana-curenta/produs.so_id=00115176.html,Valabilitate: din 21.10.2020 până în 27.10.2020
Farfurie adâncă,,1 buc,,,,,"3,49",Ofertă specială,1,01,https://www.kaufland.ro/oferte/saptamana-curenta/produs.so_id=00115177.html,Valabilitate: din 21.10.2020 până în 27.10.2020
Cană,,1 buc,,,,,"4,99",Ofertă specială,1,01,https://www.kaufland.ro/oferte/saptamana-curenta/produs.so_id=00115178.html,Valabilitate: din 21.10.2020 până în 27.10.2020
Bol,"cca. 0,25 l",1 buc,,,,,"3,49",Ofertă specială,1,01,https://www.kaufland.ro/oferte/saptamana-curenta/produs.so_id=00115179.html,Valabilitate: din 21.10.2020 până în 27.10.2020
Candelă fără capac,timp de ardere: 22 h,1 set,,,"7,99",- 56%,"3,49",,1,01,https://www.kaufland.ro/oferte/saptamana-curenta/produs.so_id=00121215.html,Valabilitate: din 21.10.2020 până în 27.10.2020
Pahar,,1 buc,,,,,"1,99",Ofertă specială,1,01,https://www.kaufland.ro/oferte/saptamana-curenta/produs.so_id=00122495.html,Valabilitate: din 21.10.2020 până în 27.10.2020
Bol,,1 buc,,,,,"3,99",Ofertă specială,1,01,https://www.kaufland.ro/oferte/saptamana-curenta/produs.so_id=00123420.html,Valabilitate: din 21.10.2020 până în 27.10.2020
Bol,,1 buc,,,,,"5,99",Ofertă specială,1,01,https://www.kaufland.ro/oferte/saptamana-curenta/produs.so_id=00123422.html,Valabilitate: din 21.10.2020 până în 27.10.2020
Candelă cu capac,timp de ardere: 72 h,1 buc,,,,,"2,99",Ofertă specială,1,01,https://www.kaufland.ro/oferte/saptamana-curenta/produs.so_id=00125849.html,Valabilitate: din 21.10.2020 până în 27.10.2020
Baloane Halloween,,1 buc,,,,,"9,99",Ofertă specială,1,01,https://www.kaufland.ro/oferte/saptamana-curenta/produs.so_id=00127264.html,Valabilitate: din 21.10.2020 până în 27.10.2020
Instalație decorativă,,1 buc,,,,,"19,99",Ofertă specială,1,01,https://www.kaufland.ro/oferte/saptamana-curenta/produs.so_id=00127627.html,Valabilitate: din 21.10.2020 până în 27.10.2020
Balon Halloween,,1 buc,,,,,"7,99",Ofertă specială,1,01,https://www.kaufland.ro/oferte/saptamana-curenta/produs.so_id=00127705.html,Valabilitate: din 21.10.2020 până în 27.10.2020
Mini kalanchoe,,buc,,,,,"13,99",,0,01a,https://www.kaufland.ro/oferte/saptamana-curenta/produs.so_id=00028527.html,Valabilitate: din 21.10.2020 până în 27.10.2020
Grepfrut roşu,,kg,,,"7,49",- 49%,"3,79",,0,01a,https://www.kaufland.ro/oferte/saptamana-curenta/produs.so_id=09700027.html,Valabilitate: din 21.10.2020 până în 27.10.2020
Banane,,kg,,,"4,99",- 48%,"2,59",,0,01a,https://www.kaufland.ro/oferte/saptamana-curenta/produs.so_id=09700041.html,Valabilitate: din 21.10.2020 până în 27.10.2020
Ciuperci Champignon,,caserolă 500 g,,,"5,99",- 30%,"4,19",,0,01a,https://www.kaufland.ro/oferte/saptamana-curenta/produs.so_id=09700062.html,Valabilitate: din 21.10.2020 până în 27.10.2020
Ardei roşu,,kg,,,"9,79",- 33%,"6,49",,0,01a,https://www.kaufland.ro/oferte/saptamana-curenta/produs.so_id=09700077.html,Valabilitate: din 21.10.2020 până în 27.10.2020
Struguri albi,,kg,,,"5,99",- 36%,"3,79",,0,01a,https://www.kaufland.ro/oferte/saptamana-curenta/produs.so_id=09700088.html,Valabilitate: din 21.10.2020 până în 27.10.2020
Pere Conference,,kg,,,"6,29",- 31%,"4,29",,0,01a,https://www.kaufland.ro/oferte/saptamana-curenta/produs.so_id=09700118.html,Valabilitate: din 21.10.2020 până în 27.10.2020
Cartofi albi,,kg,,,"1,19",- 33%,"0,79",,0,01a,https://www.kaufland.ro/oferte/saptamana-curenta/produs.so_id=09700251.html,Valabilitate: din 21.10.2020 până în 27.10.2020
Spanac baby,,2 la preț de 1,,,"8,78",- 50%,"4,39",,0,01a,https://www.kaufland.ro/oferte/saptamana-curenta/produs.so_id=09700320.html,Valabilitate: din 21.10.2020 până în 27.10.2020
Roşii Cherry ciorchine,,caserolă 500 g,,,"6,49",- 32%,"4,39",,0,01a,https://www.kaufland.ro/oferte/saptamana-curenta/produs.so_id=09700461.html,Valabilitate: din 21.10.2020 până în 27.10.2020
Schlumbergera,,buc,,,,,"7,99",,0,01a,https://www.kaufland.ro/oferte/saptamana-curenta/produs.so_id=09900450.html,Valabilitate: din 21.10.2020 până în 27.10.2020
Anthurium,,buc,,,,,"29,99",,0,01a,https://www.kaufland.ro/oferte/saptamana-curenta/produs.so_id=09901130.html,Valabilitate: din 21.10.2020 până în 27.10.2020
Linguri,,1 set,,,"12,99",- 38%,"7,99",,1,01a,https://www.kaufland.ro/oferte/saptamana-curenta/produs.so_id=00022534.html,Valabilitate: din 21.10.2020 până în 27.10.2020
Furculiţe,,1 set,,,"13,99",- 42%,"7,99",,1,01a,https://www.kaufland.ro/oferte/saptamana-curenta/produs.so_id=00022536.html,Valabilitate: din 21.10.2020 până în 27.10.2020
Caserole cu capac,,1 set,,,,,"22,99",Ofertă specială,1,01a,https://www.kaufland.ro/oferte/saptamana-curenta/produs.so_id=00076229.html,Valabilitate: din 21.10.2020 până în 27.10.2020
Bormioli,Farfurie întinsă,1 buc,,,,,"3,99",Ofertă specială,1,01a,https://www.kaufland.ro/oferte/saptamana-curenta/produs.so_id=00081363.html,Valabilitate: din 21.10.2020 până în 27.10.2020
Bormioli,Farfurie adâncă,1 buc,,,,,"3,99",Ofertă specială,1,01a,https://www.kaufland.ro/oferte/saptamana-curenta/produs.so_id=00081365.html,Valabilitate: din 21.10.2020 până în 27.10.2020
Bormioli,Farfurie desert,1 buc,,,,,"3,99",Ofertă specială,1,01a,https://www.kaufland.ro/oferte/saptamana-curenta/produs.so_id=00081366.html,Valabilitate: din 21.10.2020 până în 27.10.2020
K-Classic,Candelă ulei timp de ardere: 120 h,1 buc,,,"5,99",- 41%,"3,49",,1,01a,https://www.kaufland.ro/oferte/saptamana-curenta/produs.so_id=00081686.html,Valabilitate: din 21.10.2020 până în 27.10.2020
K-Classic,Candelă ulei timp de ardere: 60 h,1 buc,,,"3,29",- 39%,"1,99",,1,01a,https://www.kaufland.ro/oferte/saptamana-curenta/produs.so_id=00081688.html,Valabilitate: din 21.10.2020 până în 27.10.2020
Bormioli,Bol cca. 23 cm,1 buc,,,,,"11,99",Ofertă specială,1,01a,https://www.kaufland.ro/oferte/saptamana-curenta/produs.so_id=00082243.html,Valabilitate: din 21.10.2020 până în 27.10.2020
Bormioli,Cană,1 buc,,,,,"6,99",Ofertă specială,1,01a,https://www.kaufland.ro/oferte/saptamana-curenta/produs.so_id=00085235.html,Valabilitate: din 21.10.2020 până în 27.10.2020
Candelă cu capac,pentru exterior timp de ardere: 10 h,1 buc,,,"3,19",- 37%,"1,99",,1,01a,https://www.kaufland.ro/oferte/saptamana-curenta/produs.so_id=00086878.html,Valabilitate: din 21.10.2020 până în 27.10.2020
Vase emailate,,1 buc,,,,,"12,99",Ofertă specială,1,01a,https://www.kaufland.ro/oferte/saptamana-curenta/produs.so_id=00089260.html,Valabilitate: din 21.10.2020 până în 27.10.2020
Lampion cu LED,,1 buc,,,,,"6,99",Ofertă specială,1,01a,https://www.kaufland.ro/oferte/saptamana-curenta/produs.so_id=00091872.html,Valabilitate: din 21.10.2020 până în 27.10.2020
Costum vrăjitoare,mărime: 128-140,1 buc,,,,,"24,99",Ofertă specială,1,01a,https://www.kaufland.ro/oferte/saptamana-curenta/produs.so_id=00091879.html,Valabilitate: din 21.10.2020 până în 27.10.2020
Costum vrăjitoare,mărime: 152-164,1 buc,,,,,"24,99",Ofertă specială,1,01a,https://www.kaufland.ro/oferte/saptamana-curenta/produs.so_id=00091882.html,Valabilitate: din 21.10.2020 până în 27.10.2020
Costum schelet,,1 buc,,,,,"24,99",Ofertă specială,1,01a,https://www.kaufland.ro/oferte/saptamana-curenta/produs.so_id=00091894.html,Valabilitate: din 21.10.2020 până în 27.10.2020
Costum schelet,mărime: 152-164,1 buc,,,,,"24,99",Ofertă specială,1,01a,https://www.kaufland.ro/oferte/saptamana-curenta/produs.so_id=00091896.html,Valabilitate: din 21.10.2020 până în 27.10.2020
Mănuşi schelet,,1 buc,,,,,"6,99",Ofertă specială,1,01a,https://www.kaufland.ro/oferte/saptamana-curenta/produs.so_id=00091907.html,Valabilitate: din 21.10.2020 până în 27.10.2020
Coroniță Halloween,,1 buc,,,,,"6,99",Ofertă specială,1,01a,https://www.kaufland.ro/oferte/saptamana-curenta/produs.so_id=00091908.html,Valabilitate: din 21.10.2020 până în 27.10.2020
Figurină decorativă,,1 buc,,,,,"6,99",Ofertă specială,1,01a,https://www.kaufland.ro/oferte/saptamana-curenta/produs.so_id=00091910.html,Valabilitate: din 21.10.2020 până în 27.10.2020
Mască Halloween,,1 buc,,,,,"19,99",Ofertă specială,1,01a,https://www.kaufland.ro/oferte/saptamana-curenta/produs.so_id=00091927.html,Valabilitate: din 21.10.2020 până în 27.10.2020
Mască Halloween,,1 buc,,,,,"19,99",Ofertă specială,1,01a,https://www.kaufland.ro/oferte/saptamana-curenta/produs.so_id=00091929.html,Valabilitate: din 21.10.2020 până în 27.10.2020
Costum vampir,,1 buc,,,,,"24,99",Ofertă specială,1,01a,https://www.kaufland.ro/oferte/saptamana-curenta/produs.so_id=00092016.html,Valabilitate: din 21.10.2020 până în 27.10.2020
Linguriţă,,1 buc,,,,,"1,49",Ofertă specială,1,01a,https://www.kaufland.ro/oferte/saptamana-curenta/produs.so_id=00095391.html,Valabilitate: din 21.10.2020 până în 27.10.2020
Lingură,,1 buc,,,,,"1,49",Ofertă specială,1,01a,https://www.kaufland.ro/oferte/saptamana-curenta/produs.so_id=00095392.html,Valabilitate: din 21.10.2020 până în 27.10.2020
Furculiţă,,1 buc,,,,,"1,49",Ofertă specială,1,01a,https://www.kaufland.ro/oferte/saptamana-curenta/produs.so_id=00095393.html,Valabilitate: din 21.10.2020 până în 27.10.2020
Bormioli,"Bol cca. 13,5 cm",1 buc,,,,,"5,99",Ofertă specială,1,01a,https://www.kaufland.ro/oferte/saptamana-curenta/produs.so_id=00101652.html,Valabilitate: din 21.10.2020 până în 27.10.2020
Bormioli,Platou oval,1 buc,,,,,"11,99",Ofertă specială,1,01a,https://www.kaufland.ro/oferte/saptamana-curenta/produs.so_id=00105068.html,Valabilitate: din 21.10.2020 până în 27.10.2020
Candelă cu capac,timp de ardere: 10 h,1 buc,,,,,"0,99",Ofertă specială,1,01a,https://www.kaufland.ro/oferte/saptamana-curenta/produs.so_id=00105696.html,Valabilitate: din 21.10.2020 până în 27.10.2020
Instalaţie decorativă,,1 buc,,,,,"9,99",Ofertă specială,1,01a,https://www.kaufland.ro/oferte/saptamana-curenta/produs.so_id=00111736.html,Valabilitate: din 21.10.2020 până în 27.10.2020
Instalaţie decorativă,,1 buc,,,,,"9,99",Ofertă specială,1,01a,https://www.kaufland.ro/oferte/saptamana-curenta/produs.so_id=00111814.html,Valabilitate: din 21.10.2020 până în 27.10.2020
Geantă Halloween,,1 buc,,,,,"11,99",Ofertă specială,1,01a,https://www.kaufland.ro/oferte/saptamana-curenta/produs.so_id=00111815.html,Valabilitate: din 21.10.2020 până în 27.10.2020
K-Classic,Şerveţele albe,1 set,,,,,"1,99",,1,01a,https://www.kaufland.ro/oferte/saptamana-curenta/produs.so_id=00113120.html,Valabilitate: din 21.10.2020 până în 27.10.2020
Decorațiune Halloween,,1 buc,,,,,"5,99",Ofertă specială,1,01a,https://www.kaufland.ro/oferte/saptamana-curenta/produs.so_id=00113262.html,Valabilitate: din 21.10.2020 până în 27.10.2020
Decorațiune Halloween,,1 buc,,,,,"3,99",Ofertă specială,1,01a,https://www.kaufland.ro/oferte/saptamana-curenta/produs.so_id=00113264.html,Valabilitate: din 21.10.2020 până în 27.10.2020
Găleată Halloween cu LED,,1 buc,,,,,"19,99",Ofertă specială,1,01a,https://www.kaufland.ro/oferte/saptamana-curenta/produs.so_id=00113313.html,Valabilitate: din 21.10.2020 până în 27.10.2020
Farfurie desert,,1 buc,,,,,"2,99",Ofertă specială,1,01a,https://www.kaufland.ro/oferte/saptamana-curenta/produs.so_id=00115174.html,Valabilitate: din 21.10.2020 până în 27.10.2020
Bol,"cca. 0,95 l",1 buc,,,,,"4,99",Ofertă specială,1,01a,https://www.kaufland.ro/oferte/saptamana-curenta/produs.so_id=00115175.html,Valabilitate: din 21.10.2020 până în 27.10.2020
Farfurie întinsă,,1 buc,,,,,"3,99",Ofertă specială,1,01a,https://www.kaufland.ro/oferte/saptamana-curenta/produs.so_id=00115176.html,Valabilitate: din 21.10.2020 până în 27.10.2020
Farfurie adâncă,,1 buc,,,,,"3,49",Ofertă specială,1,01a,https://www.kaufland.ro/oferte/saptamana-curenta/produs.so_id=00115177.html,Valabilitate: din 21.10.2020 până în 27.10.2020
Cană,,1 buc,,,,,"4,99",Ofertă specială,1,01a,https://www.kaufland.ro/oferte/saptamana-curenta/produs.so_id=00115178.html,Valabilitate: din 21.10.2020 până în 27.10.2020
Bol,"cca. 0,25 l",1 buc,,,,,"3,49",Ofertă specială,1,01a,https://www.kaufland.ro/oferte/saptamana-curenta/produs.so_id=00115179.html,Valabilitate: din 21.10.2020 până în 27.10.2020
Candelă fără capac,timp de ardere: 22 h,1 set,,,"7,99",- 56%,"3,49",,1,01a,https://www.kaufland.ro/oferte/saptamana-curenta/produs.so_id=00121215.html,Valabilitate: din 21.10.2020 până în 27.10.2020
Pahar,,1 buc,,,,,"1,99",Ofertă specială,1,01a,https://www.kaufland.ro/oferte/saptamana-curenta/produs.so_id=00122495.html,Valabilitate: din 21.10.2020 până în 27.10.2020
Bol,,1 buc,,,,,"3,99",Ofertă specială,1,01a,https://www.kaufland.ro/oferte/saptamana-curenta/produs.so_id=00123420.html,Valabilitate: din 21.10.2020 până în 27.10.2020
Bol,,1 buc,,,,,"5,99",Ofertă specială,1,01a,https://www.kaufland.ro/oferte/saptamana-curenta/produs.so_id=00123422.html,Valabilitate: din 21.10.2020 până în 27.10.2020
Candelă cu capac,timp de ardere: 72 h,1 buc,,,,,"2,99",Ofertă specială,1,01a,https://www.kaufland.ro/oferte/saptamana-curenta/produs.so_id=00125849.html,Valabilitate: din 21.10.2020 până în 27.10.2020
Baloane Halloween,,1 buc,,,,,"9,99",Ofertă specială,1,01a,https://www.kaufland.ro/oferte/saptamana-curenta/produs.so_id=00127264.html,Valabilitate: din 21.10.2020 până în 27.10.2020
Instalație decorativă,,1 buc,,,,,"19,99",Ofertă specială,1,01a,https://www.kaufland.ro/oferte/saptamana-curenta/produs.so_id=00127627.html,Valabilitate: din 21.10.2020 până în 27.10.2020
Balon Halloween,,1 buc,,,,,"7,99",Ofertă specială,1,01a,https://www.kaufland.ro/oferte/saptamana-curenta/produs.so_id=00127705.html,Valabilitate: din 21.10.2020 până în 27.10.2020
Cucina D`Oro,Sos pentru gătit,500 ml,,Reducere cu Kaufland Card,"7,05",- 10%,"6,29",,0,03,https://www.kaufland.ro/oferte/saptamana-curenta/produs.so_id=00080154.html,Valabilitate: din 21.10.2020 până în 27.10.2020
Muller,Iaurt cu fructe,500 g,"(=1 kg 10,76)",Reducere cu KauflandCard,"6,39",- 15%,"5,38",,0,03,https://www.kaufland.ro/oferte/saptamana-curenta/produs.so_id=00404668.html,Valabilitate: din 21.10.2020 până în 27.10.2020
Covalact de ţară,Chefir / Chefir uşor,900 g,"(=1 kg 6,09)",Reducere cu Kaufland Card,"6,05",- 9%,"5,48",,0,03,https://www.kaufland.ro/oferte/saptamana-curenta/produs.so_id=00404805.html,Valabilitate: din 21.10.2020 până în 27.10.2020
Five Continents,Caşcaval Rucăr,400 g,"(=1 kg 28,95)",Reducere cu Kaufland Card,"12,89",- 10%,"11,58",,0,03,https://www.kaufland.ro/oferte/saptamana-curenta/produs.so_id=00501932.html,Valabilitate: din 21.10.2020 până în 27.10.2020
Zuzu,Lapte,"1,8 l",,,"10,29",- 12%,"8,99",,0,03,https://www.kaufland.ro/oferte/saptamana-curenta/produs.so_id=00034871.html,Valabilitate: din 21.10.2020 până în 27.10.2020
Dalbis,Telemea proaspătă de vacă,100 g,,,"1,89",- 21%,"1,49",,0,03,https://www.kaufland.ro/oferte/saptamana-curenta/produs.so_id=00035270.html,Valabilitate: din 21.10.2020 până în 27.10.2020
Gordon,Caşcaval Rucăr,100 g,,,,,"2,09",Ofertă specială,0,03,https://www.kaufland.ro/oferte/saptamana-curenta/produs.so_id=00047908.html,Valabilitate: din 21.10.2020 până în 27.10.2020
Frico,Brânză maturată,100 g,,,"4,79",- 25%,"3,59",,0,03,https://www.kaufland.ro/oferte/saptamana-curenta/produs.so_id=00061353.html,Valabilitate: din 21.10.2020 până în 27.10.2020
Olympus Stragghisto,Iaurt cu specific grecesc,150 g,,,"2,39",- 10%,"2,15",,0,03,https://www.kaufland.ro/oferte/saptamana-curenta/produs.so_id=00092494.html,Valabilitate: din 21.10.2020 până în 27.10.2020
Akadia,Preparat alimentar,100 g,,,"1,49",- 33%,"0,99",,0,03,https://www.kaufland.ro/oferte/saptamana-curenta/produs.so_id=01001342.html,Valabilitate: din 21.10.2020 până în 27.10.2020
Linguri,,1 set,,,"12,99",- 38%,"7,99",,1,03,https://www.kaufland.ro/oferte/saptamana-curenta/produs.so_id=00022534.html,Valabilitate: din 21.10.2020 până în 27.10.2020
Furculiţe,,1 set,,,"13,99",- 42%,"7,99",,1,03,https://www.kaufland.ro/oferte/saptamana-curenta/produs.so_id=00022536.html,Valabilitate: din 21.10.2020 până în 27.10.2020
Caserole cu capac,,1 set,,,,,"22,99",Ofertă specială,1,03,https://www.kaufland.ro/oferte/saptamana-curenta/produs.so_id=00076229.html,Valabilitate: din 21.10.2020 până în 27.10.2020
Bormioli,Farfurie întinsă,1 buc,,,,,"3,99",Ofertă specială,1,03,https://www.kaufland.ro/oferte/saptamana-curenta/produs.so_id=00081363.html,Valabilitate: din 21.10.2020 până în 27.10.2020
Bormioli,Farfurie adâncă,1 buc,,,,,"3,99",Ofertă specială,1,03,https://www.kaufland.ro/oferte/saptamana-curenta/produs.so_id=00081365.html,Valabilitate: din 21.10.2020 până în 27.10.2020
Bormioli,Farfurie desert,1 buc,,,,,"3,99",Ofertă specială,1,03,https://www.kaufland.ro/oferte/saptamana-curenta/produs.so_id=00081366.html,Valabilitate: din 21.10.2020 până în 27.10.2020
K-Classic,Candelă ulei timp de ardere: 120 h,1 buc,,,"5,99",- 41%,"3,49",,1,03,https://www.kaufland.ro/oferte/saptamana-curenta/produs.so_id=00081686.html,Valabilitate: din 21.10.2020 până în 27.10.2020
K-Classic,Candelă ulei timp de ardere: 60 h,1 buc,,,"3,29",- 39%,"1,99",,1,03,https://www.kaufland.ro/oferte/saptamana-curenta/produs.so_id=00081688.html,Valabilitate: din 21.10.2020 până în 27.10.2020
Bormioli,Bol cca. 23 cm,1 buc,,,,,"11,99",Ofertă specială,1,03,https://www.kaufland.ro/oferte/saptamana-curenta/produs.so_id=00082243.html,Valabilitate: din 21.10.2020 până în 27.10.2020
Bormioli,Cană,1 buc,,,,,"6,99",Ofertă specială,1,03,https://www.kaufland.ro/oferte/saptamana-curenta/produs.so_id=00085235.html,Valabilitate: din 21.10.2020 până în 27.10.2020
Candelă cu capac,pentru exterior timp de ardere: 10 h,1 buc,,,"3,19",- 37%,"1,99",,1,03,https://www.kaufland.ro/oferte/saptamana-curenta/produs.so_id=00086878.html,Valabilitate: din 21.10.2020 până în 27.10.2020
Vase emailate,,1 buc,,,,,"12,99",Ofertă specială,1,03,https://www.kaufland.ro/oferte/saptamana-curenta/produs.so_id=00089260.html,Valabilitate: din 21.10.2020 până în 27.10.2020
Lampion cu LED,,1 buc,,,,,"6,99",Ofertă specială,1,03,https://www.kaufland.ro/oferte/saptamana-curenta/produs.so_id=00091872.html,Valabilitate: din 21.10.2020 până în 27.10.2020
Costum vrăjitoare,mărime: 128-140,1 buc,,,,,"24,99",Ofertă specială,1,03,https://www.kaufland.ro/oferte/saptamana-curenta/produs.so_id=00091879.html,Valabilitate: din 21.10.2020 până în 27.10.2020
Costum vrăjitoare,mărime: 152-164,1 buc,,,,,"24,99",Ofertă specială,1,03,https://www.kaufland.ro/oferte/saptamana-curenta/produs.so_id=00091882.html,Valabilitate: din 21.10.2020 până în 27.10.2020
Costum schelet,,1 buc,,,,,"24,99",Ofertă specială,1,03,https://www.kaufland.ro/oferte/saptamana-curenta/produs.so_id=00091894.html,Valabilitate: din 21.10.2020 până în 27.10.2020
Costum schelet,mărime: 152-164,1 buc,,,,,"24,99",Ofertă specială,1,03,https://www.kaufland.ro/oferte/saptamana-curenta/produs.so_id=00091896.html,Valabilitate: din 21.10.2020 până în 27.10.2020
Mănuşi schelet,,1 buc,,,,,"6,99",Ofertă specială,1,03,https://www.kaufland.ro/oferte/saptamana-curenta/produs.so_id=00091907.html,Valabilitate: din 21.10.2020 până în 27.10.2020
Coroniță Halloween,,1 buc,,,,,"6,99",Ofertă specială,1,03,https://www.kaufland.ro/oferte/saptamana-curenta/produs.so_id=00091908.html,Valabilitate: din 21.10.2020 până în 27.10.2020
Figurină decorativă,,1 buc,,,,,"6,99",Ofertă specială,1,03,https://www.kaufland.ro/oferte/saptamana-curenta/produs.so_id=00091910.html,Valabilitate: din 21.10.2020 până în 27.10.2020
Mască Halloween,,1 buc,,,,,"19,99",Ofertă specială,1,03,https://www.kaufland.ro/oferte/saptamana-curenta/produs.so_id=00091927.html,Valabilitate: din 21.10.2020 până în 27.10.2020
Mască Halloween,,1 buc,,,,,"19,99",Ofertă specială,1,03,https://www.kaufland.ro/oferte/saptamana-curenta/produs.so_id=00091929.html,Valabilitate: din 21.10.2020 până în 27.10.2020
Costum vampir,,1 buc,,,,,"24,99",Ofertă specială,1,03,https://www.kaufland.ro/oferte/saptamana-curenta/produs.so_id=00092016.html,Valabilitate: din 21.10.2020 până în 27.10.2020
Linguriţă,,1 buc,,,,,"1,49",Ofertă specială,1,03,https://www.kaufland.ro/oferte/saptamana-curenta/produs.so_id=00095391.html,Valabilitate: din 21.10.2020 până în 27.10.2020
Lingură,,1 buc,,,,,"1,49",Ofertă specială,1,03,https://www.kaufland.ro/oferte/saptamana-curenta/produs.so_id=00095392.html,Valabilitate: din 21.10.2020 până în 27.10.2020
Furculiţă,,1 buc,,,,,"1,49",Ofertă specială,1,03,https://www.kaufland.ro/oferte/saptamana-curenta/produs.so_id=00095393.html,Valabilitate: din 21.10.2020 până în 27.10.2020
Bormioli,"Bol cca. 13,5 cm",1 buc,,,,,"5,99",Ofertă specială,1,03,https://www.kaufland.ro/oferte/saptamana-curenta/produs.so_id=00101652.html,Valabilitate: din 21.10.2020 până în 27.10.2020
Bormioli,Platou oval,1 buc,,,,,"11,99",Ofertă specială,1,03,https://www.kaufland.ro/oferte/saptamana-curenta/produs.so_id=00105068.html,Valabilitate: din 21.10.2020 până în 27.10.2020
Candelă cu capac,timp de ardere: 10 h,1 buc,,,,,"0,99",Ofertă specială,1,03,https://www.kaufland.ro/oferte/saptamana-curenta/produs.so_id=00105696.html,Valabilitate: din 21.10.2020 până în 27.10.2020
Instalaţie decorativă,,1 buc,,,,,"9,99",Ofertă specială,1,03,https://www.kaufland.ro/oferte/saptamana-curenta/produs.so_id=00111736.html,Valabilitate: din 21.10.2020 până în 27.10.2020
Instalaţie decorativă,,1 buc,,,,,"9,99",Ofertă specială,1,03,https://www.kaufland.ro/oferte/saptamana-curenta/produs.so_id=00111814.html,Valabilitate: din 21.10.2020 până în 27.10.2020
Geantă Halloween,,1 buc,,,,,"11,99",Ofertă specială,1,03,https://www.kaufland.ro/oferte/saptamana-curenta/produs.so_id=00111815.html,Valabilitate: din 21.10.2020 până în 27.10.2020
K-Classic,Şerveţele albe,1 set,,,,,"1,99",,1,03,https://www.kaufland.ro/oferte/saptamana-curenta/produs.so_id=00113120.html,Valabilitate: din 21.10.2020 până în 27.10.2020
Decorațiune Halloween,,1 buc,,,,,"5,99",Ofertă specială,1,03,https://www.kaufland.ro/oferte/saptamana-curenta/produs.so_id=00113262.html,Valabilitate: din 21.10.2020 până în 27.10.2020
Decorațiune Halloween,,1 buc,,,,,"3,99",Ofertă specială,1,03,https://www.kaufland.ro/oferte/saptamana-curenta/produs.so_id=00113264.html,Valabilitate: din 21.10.2020 până în 27.10.2020
Găleată Halloween cu LED,,1 buc,,,,,"19,99",Ofertă specială,1,03,https://www.kaufland.ro/oferte/saptamana-curenta/produs.so_id=00113313.html,Valabilitate: din 21.10.2020 până în 27.10.2020
Farfurie desert,,1 buc,,,,,"2,99",Ofertă specială,1,03,https://www.kaufland.ro/oferte/saptamana-curenta/produs.so_id=00115174.html,Valabilitate: din 21.10.2020 până în 27.10.2020
Bol,"cca. 0,95 l",1 buc,,,,,"4,99",Ofertă specială,1,03,https://www.kaufland.ro/oferte/saptamana-curenta/produs.so_id=00115175.html,Valabilitate: din 21.10.2020 până în 27.10.2020
Farfurie întinsă,,1 buc,,,,,"3,99",Ofertă specială,1,03,https://www.kaufland.ro/oferte/saptamana-curenta/produs.so_id=00115176.html,Valabilitate: din 21.10.2020 până în 27.10.2020
Farfurie adâncă,,1 buc,,,,,"3,49",Ofertă specială,1,03,https://www.kaufland.ro/oferte/saptamana-curenta/produs.so_id=00115177.html,Valabilitate: din 21.10.2020 până în 27.10.2020
Cană,,1 buc,,,,,"4,99",Ofertă specială,1,03,https://www.kaufland.ro/oferte/saptamana-curenta/produs.so_id=00115178.html,Valabilitate: din 21.10.2020 până în 27.10.2020
Bol,"cca. 0,25 l",1 buc,,,,,"3,49",Ofertă specială,1,03,https://www.kaufland.ro/oferte/saptamana-curenta/produs.so_id=00115179.html,Valabilitate: din 21.10.2020 până în 27.10.2020
Candelă fără capac,timp de ardere: 22 h,1 set,,,"7,99",- 56%,"3,49",,1,03,https://www.kaufland.ro/oferte/saptamana-curenta/produs.so_id=00121215.html,Valabilitate: din 21.10.2020 până în 27.10.2020
Pahar,,1 buc,,,,,"1,99",Ofertă specială,1,03,https://www.kaufland.ro/oferte/saptamana-curenta/produs.so_id=00122495.html,Valabilitate: din 21.10.2020 până în 27.10.2020
Bol,,1 buc,,,,,"3,99",Ofertă specială,1,03,https://www.kaufland.ro/oferte/saptamana-curenta/produs.so_id=00123420.html,Valabilitate: din 21.10.2020 până în 27.10.2020
Bol,,1 buc,,,,,"5,99",Ofertă specială,1,03,https://www.kaufland.ro/oferte/saptamana-curenta/produs.so_id=00123422.html,Valabilitate: din 21.10.2020 până în 27.10.2020
Candelă cu capac,timp de ardere: 72 h,1 buc,,,,,"2,99",Ofertă specială,1,03,https://www.kaufland.ro/oferte/saptamana-curenta/produs.so_id=00125849.html,Valabilitate: din 21.10.2020 până în 27.10.2020
Baloane Halloween,,1 buc,,,,,"9,99",Ofertă specială,1,03,https://www.kaufland.ro/oferte/saptamana-curenta/produs.so_id=00127264.html,Valabilitate: din 21.10.2020 până în 27.10.2020
Instalație decorativă,,1 buc,,,,,"19,99",Ofertă specială,1,03,https://www.kaufland.ro/oferte/saptamana-curenta/produs.so_id=00127627.html,Valabilitate: din 21.10.2020 până în 27.10.2020
Balon Halloween,,1 buc,,,,,"7,99",Ofertă specială,1,03,https://www.kaufland.ro/oferte/saptamana-curenta/produs.so_id=00127705.html,Valabilitate: din 21.10.2020 până în 27.10.2020
Agricola,Caşcaval pane,200 g,"(=1 kg 42,45)",Reducere cu Kaufland Card,"10,65",- 20%,"8,49",,0,04,https://www.kaufland.ro/oferte/saptamana-curenta/produs.so_id=00052736.html,Valabilitate: din 21.10.2020 până în 27.10.2020
Delikat,Mazăre verde,900 g,"(=1 kg 10,32)",Reducere cu Kaufland Card,"11,99",- 22%,"9,28",,0,04,https://www.kaufland.ro/oferte/saptamana-curenta/produs.so_id=00130549.html,Valabilitate: din 21.10.2020 până în 27.10.2020
Măsline negre,,100 g,,,"2,45",- 36%,"1,55",,0,04,https://www.kaufland.ro/oferte/saptamana-curenta/produs.so_id=00019995.html,Valabilitate: din 21.10.2020 până în 27.10.2020
Hellman's,Ketchup,485 g / 470 g,,,"6,79",- 19%,"5,49",,0,04,https://www.kaufland.ro/oferte/saptamana-curenta/produs.so_id=00104403.html,Valabilitate: din 21.10.2020 până în 27.10.2020
K-Classic,Prăjitură,1250 g,,,"14,49",- 11%,"12,79",,0,04,https://www.kaufland.ro/oferte/saptamana-curenta/produs.so_id=00125538.html,Valabilitate: din 21.10.2020 până în 27.10.2020
Edenia,Fasole verde întreagă,1 kg,,,"11,79",- 17%,"9,69",,0,04,https://www.kaufland.ro/oferte/saptamana-curenta/produs.so_id=00800137.html,Valabilitate: din 21.10.2020 până în 27.10.2020
Măsline verzi,,100 g,,,"3,89",- 25%,"2,89",,0,04,https://www.kaufland.ro/oferte/saptamana-curenta/produs.so_id=01001165.html,Valabilitate: din 21.10.2020 până în 27.10.2020
Negro,File macrou,100 g,,,"7,19",- 26%,"5,29",,0,04,https://www.kaufland.ro/oferte/saptamana-curenta/produs.so_id=01003961.html,Valabilitate: din 21.10.2020 până în 27.10.2020
Linguri,,1 set,,,"12,99",- 38%,"7,99",,1,04,https://www.kaufland.ro/oferte/saptamana-curenta/produs.so_id=00022534.html,Valabilitate: din 21.10.2020 până în 27.10.2020
Furculiţe,,1 set,,,"13,99",- 42%,"7,99",,1,04,https://www.kaufland.ro/oferte/saptamana-curenta/produs.so_id=00022536.html,Valabilitate: din 21.10.2020 până în 27.10.2020
Caserole cu capac,,1 set,,,,,"22,99",Ofertă specială,1,04,https://www.kaufland.ro/oferte/saptamana-curenta/produs.so_id=00076229.html,Valabilitate: din 21.10.2020 până în 27.10.2020
Bormioli,Farfurie întinsă,1 buc,,,,,"3,99",Ofertă specială,1,04,https://www.kaufland.ro/oferte/saptamana-curenta/produs.so_id=00081363.html,Valabilitate: din 21.10.2020 până în 27.10.2020
Bormioli,Farfurie adâncă,1 buc,,,,,"3,99",Ofertă specială,1,04,https://www.kaufland.ro/oferte/saptamana-curenta/produs.so_id=00081365.html,Valabilitate: din 21.10.2020 până în 27.10.2020
Bormioli,Farfurie desert,1 buc,,,,,"3,99",Ofertă specială,1,04,https://www.kaufland.ro/oferte/saptamana-curenta/produs.so_id=00081366.html,Valabilitate: din 21.10.2020 până în 27.10.2020
K-Classic,Candelă ulei timp de ardere: 120 h,1 buc,,,"5,99",- 41%,"3,49",,1,04,https://www.kaufland.ro/oferte/saptamana-curenta/produs.so_id=00081686.html,Valabilitate: din 21.10.2020 până în 27.10.2020
K-Classic,Candelă ulei timp de ardere: 60 h,1 buc,,,"3,29",- 39%,"1,99",,1,04,https://www.kaufland.ro/oferte/saptamana-curenta/produs.so_id=00081688.html,Valabilitate: din 21.10.2020 până în 27.10.2020
Bormioli,Bol cca. 23 cm,1 buc,,,,,"11,99",Ofertă specială,1,04,https://www.kaufland.ro/oferte/saptamana-curenta/produs.so_id=00082243.html,Valabilitate: din 21.10.2020 până în 27.10.2020
Bormioli,Cană,1 buc,,,,,"6,99",Ofertă specială,1,04,https://www.kaufland.ro/oferte/saptamana-curenta/produs.so_id=00085235.html,Valabilitate: din 21.10.2020 până în 27.10.2020
Candelă cu capac,pentru exterior timp de ardere: 10 h,1 buc,,,"3,19",- 37%,"1,99",,1,04,https://www.kaufland.ro/oferte/saptamana-curenta/produs.so_id=00086878.html,Valabilitate: din 21.10.2020 până în 27.10.2020
Vase emailate,,1 buc,,,,,"12,99",Ofertă specială,1,04,https://www.kaufland.ro/oferte/saptamana-curenta/produs.so_id=00089260.html,Valabilitate: din 21.10.2020 până în 27.10.2020
Lampion cu LED,,1 buc,,,,,"6,99",Ofertă specială,1,04,https://www.kaufland.ro/oferte/saptamana-curenta/produs.so_id=00091872.html,Valabilitate: din 21.10.2020 până în 27.10.2020
Costum vrăjitoare,mărime: 128-140,1 buc,,,,,"24,99",Ofertă specială,1,04,https://www.kaufland.ro/oferte/saptamana-curenta/produs.so_id=00091879.html,Valabilitate: din 21.10.2020 până în 27.10.2020
Costum vrăjitoare,mărime: 152-164,1 buc,,,,,"24,99",Ofertă specială,1,04,https://www.kaufland.ro/oferte/saptamana-curenta/produs.so_id=00091882.html,Valabilitate: din 21.10.2020 până în 27.10.2020
Costum schelet,,1 buc,,,,,"24,99",Ofertă specială,1,04,https://www.kaufland.ro/oferte/saptamana-curenta/produs.so_id=00091894.html,Valabilitate: din 21.10.2020 până în 27.10.2020
Costum schelet,mărime: 152-164,1 buc,,,,,"24,99",Ofertă specială,1,04,https://www.kaufland.ro/oferte/saptamana-curenta/produs.so_id=00091896.html,Valabilitate: din 21.10.2020 până în 27.10.2020
Mănuşi schelet,,1 buc,,,,,"6,99",Ofertă specială,1,04,https://www.kaufland.ro/oferte/saptamana-curenta/produs.so_id=00091907.html,Valabilitate: din 21.10.2020 până în 27.10.2020
Coroniță Halloween,,1 buc,,,,,"6,99",Ofertă specială,1,04,https://www.kaufland.ro/oferte/saptamana-curenta/produs.so_id=00091908.html,Valabilitate: din 21.10.2020 până în 27.10.2020
Figurină decorativă,,1 buc,,,,,"6,99",Ofertă specială,1,04,https://www.kaufland.ro/oferte/saptamana-curenta/produs.so_id=00091910.html,Valabilitate: din 21.10.2020 până în 27.10.2020
Mască Halloween,,1 buc,,,,,"19,99",Ofertă specială,1,04,https://www.kaufland.ro/oferte/saptamana-curenta/produs.so_id=00091927.html,Valabilitate: din 21.10.2020 până în 27.10.2020
Mască Halloween,,1 buc,,,,,"19,99",Ofertă specială,1,04,https://www.kaufland.ro/oferte/saptamana-curenta/produs.so_id=00091929.html,Valabilitate: din 21.10.2020 până în 27.10.2020
Costum vampir,,1 buc,,,,,"24,99",Ofertă specială,1,04,https://www.kaufland.ro/oferte/saptamana-curenta/produs.so_id=00092016.html,Valabilitate: din 21.10.2020 până în 27.10.2020
Linguriţă,,1 buc,,,,,"1,49",Ofertă specială,1,04,https://www.kaufland.ro/oferte/saptamana-curenta/produs.so_id=00095391.html,Valabilitate: din 21.10.2020 până în 27.10.2020
Lingură,,1 buc,,,,,"1,49",Ofertă specială,1,04,https://www.kaufland.ro/oferte/saptamana-curenta/produs.so_id=00095392.html,Valabilitate: din 21.10.2020 până în 27.10.2020
Furculiţă,,1 buc,,,,,"1,49",Ofertă specială,1,04,https://www.kaufland.ro/oferte/saptamana-curenta/produs.so_id=00095393.html,Valabilitate: din 21.10.2020 până în 27.10.2020
Bormioli,"Bol cca. 13,5 cm",1 buc,,,,,"5,99",Ofertă specială,1,04,https://www.kaufland.ro/oferte/saptamana-curenta/produs.so_id=00101652.html,Valabilitate: din 21.10.2020 până în 27.10.2020
Bormioli,Platou oval,1 buc,,,,,"11,99",Ofertă specială,1,04,https://www.kaufland.ro/oferte/saptamana-curenta/produs.so_id=00105068.html,Valabilitate: din 21.10.2020 până în 27.10.2020
Candelă cu capac,timp de ardere: 10 h,1 buc,,,,,"0,99",Ofertă specială,1,04,https://www.kaufland.ro/oferte/saptamana-curenta/produs.so_id=00105696.html,Valabilitate: din 21.10.2020 până în 27.10.2020
Instalaţie decorativă,,1 buc,,,,,"9,99",Ofertă specială,1,04,https://www.kaufland.ro/oferte/saptamana-curenta/produs.so_id=00111736.html,Valabilitate: din 21.10.2020 până în 27.10.2020
Instalaţie decorativă,,1 buc,,,,,"9,99",Ofertă specială,1,04,https://www.kaufland.ro/oferte/saptamana-curenta/produs.so_id=00111814.html,Valabilitate: din 21.10.2020 până în 27.10.2020
Geantă Halloween,,1 buc,,,,,"11,99",Ofertă specială,1,04,https://www.kaufland.ro/oferte/saptamana-curenta/produs.so_id=00111815.html,Valabilitate: din 21.10.2020 până în 27.10.2020
K-Classic,Şerveţele albe,1 set,,,,,"1,99",,1,04,https://www.kaufland.ro/oferte/saptamana-curenta/produs.so_id=00113120.html,Valabilitate: din 21.10.2020 până în 27.10.2020
Decorațiune Halloween,,1 buc,,,,,"5,99",Ofertă specială,1,04,https://www.kaufland.ro/oferte/saptamana-curenta/produs.so_id=00113262.html,Valabilitate: din 21.10.2020 până în 27.10.2020
Decorațiune Halloween,,1 buc,,,,,"3,99",Ofertă specială,1,04,https://www.kaufland.ro/oferte/saptamana-curenta/produs.so_id=00113264.html,Valabilitate: din 21.10.2020 până în 27.10.2020
Găleată Halloween cu LED,,1 buc,,,,,"19,99",Ofertă specială,1,04,https://www.kaufland.ro/oferte/saptamana-curenta/produs.so_id=00113313.html,Valabilitate: din 21.10.2020 până în 27.10.2020
Farfurie desert,,1 buc,,,,,"2,99",Ofertă specială,1,04,https://www.kaufland.ro/oferte/saptamana-curenta/produs.so_id=00115174.html,Valabilitate: din 21.10.2020 până în 27.10.2020
Bol,"cca. 0,95 l",1 buc,,,,,"4,99",Ofertă specială,1,04,https://www.kaufland.ro/oferte/saptamana-curenta/produs.so_id=00115175.html,Valabilitate: din 21.10.2020 până în 27.10.2020
Farfurie întinsă,,1 buc,,,,,"3,99",Ofertă specială,1,04,https://www.kaufland.ro/oferte/saptamana-curenta/produs.so_id=00115176.html,Valabilitate: din 21.10.2020 până în 27.10.2020
Farfurie adâncă,,1 buc,,,,,"3,49",Ofertă specială,1,04,https://www.kaufland.ro/oferte/saptamana-curenta/produs.so_id=00115177.html,Valabilitate: din 21.10.2020 până în 27.10.2020
Cană,,1 buc,,,,,"4,99",Ofertă specială,1,04,https://www.kaufland.ro/oferte/saptamana-curenta/produs.so_id=00115178.html,Valabilitate: din 21.10.2020 până în 27.10.2020
Bol,"cca. 0,25 l",1 buc,,,,,"3,49",Ofertă specială,1,04,https://www.kaufland.ro/oferte/saptamana-curenta/produs.so_id=00115179.html,Valabilitate: din 21.10.2020 până în 27.10.2020
Candelă fără capac,timp de ardere: 22 h,1 set,,,"7,99",- 56%,"3,49",,1,04,https://www.kaufland.ro/oferte/saptamana-curenta/produs.so_id=00121215.html,Valabilitate: din 21.10.2020 până în 27.10.2020
Pahar,,1 buc,,,,,"1,99",Ofertă specială,1,04,https://www.kaufland.ro/oferte/saptamana-curenta/produs.so_id=00122495.html,Valabilitate: din 21.10.2020 până în 27.10.2020
Bol,,1 buc,,,,,"3,99",Ofertă specială,1,04,https://www.kaufland.ro/oferte/saptamana-curenta/produs.so_id=00123420.html,Valabilitate: din 21.10.2020 până în 27.10.2020
Bol,,1 buc,,,,,"5,99",Ofertă specială,1,04,https://www.kaufland.ro/oferte/saptamana-curenta/produs.so_id=00123422.html,Valabilitate: din 21.10.2020 până în 27.10.2020
Candelă cu capac,timp de ardere: 72 h,1 buc,,,,,"2,99",Ofertă specială,1,04,https://www.kaufland.ro/oferte/saptamana-curenta/produs.so_id=00125849.html,Valabilitate: din 21.10.2020 până în 27.10.2020
Baloane Halloween,,1 buc,,,,,"9,99",Ofertă specială,1,04,https://www.kaufland.ro/oferte/saptamana-curenta/produs.so_id=00127264.html,Valabilitate: din 21.10.2020 până în 27.10.2020
Instalație decorativă,,1 buc,,,,,"19,99",Ofertă specială,1,04,https://www.kaufland.ro/oferte/saptamana-curenta/produs.so_id=00127627.html,Valabilitate: din 21.10.2020 până în 27.10.2020
Balon Halloween,,1 buc,,,,,"7,99",Ofertă specială,1,04,https://www.kaufland.ro/oferte/saptamana-curenta/produs.so_id=00127705.html,Valabilitate: din 21.10.2020 până în 27.10.2020
Malita,Snacks,400 g,"(=1 kg 9,95)",Reducere cu Kaufland Card,"4,49",- 11%,"3,98",,0,05,https://www.kaufland.ro/oferte/saptamana-curenta/produs.so_id=00053808.html,Valabilitate: din 21.10.2020 până în 27.10.2020
FUCHS,Busuioc/oregano mărunţit,14 g/ 7 g,,Reducere cu Kaufland Card,"5,99",- 10%,"5,38",,0,05,https://www.kaufland.ro/oferte/saptamana-curenta/produs.so_id=00093769.html,Valabilitate: din 21.10.2020 până în 27.10.2020
TRANSILVANIA NUTS,Power/Smart /Revital mix,110 g,"(=1 kg 104,37)",Reducere cu Kaufland Card,"12,99",- 11%,"11,48",,0,05,https://www.kaufland.ro/oferte/saptamana-curenta/produs.so_id=00128240.html,Valabilitate: din 21.10.2020 până în 27.10.2020
Cu Gust,Ardei capia copți,680 g,"(=1 kg 30,50)",Reducere cu KauflandCard,"12,49",- 12%,"10,98",,0,05,https://www.kaufland.ro/oferte/saptamana-curenta/produs.so_id=00129072.html,Valabilitate: din 21.10.2020 până în 27.10.2020
Unisol,Ulei,2 l,,,,,"11,79",,0,05,https://www.kaufland.ro/oferte/saptamana-curenta/produs.so_id=00014887.html,Valabilitate: din 21.10.2020 până în 27.10.2020
K-Classic,Fulgi de porumb,1 kg,,,"5,99",- 10%,"5,39",,0,05,https://www.kaufland.ro/oferte/saptamana-curenta/produs.so_id=00016385.html,Valabilitate: din 21.10.2020 până în 27.10.2020
Moş Costache,Miere,900 g,,,"25,64",- 9%,"23,29",,0,05,https://www.kaufland.ro/oferte/saptamana-curenta/produs.so_id=00020190.html,Valabilitate: din 21.10.2020 până în 27.10.2020
Deroni,Orez,1 kg,,,"8,25",- 27%,"5,99",,0,05,https://www.kaufland.ro/oferte/saptamana-curenta/produs.so_id=00025549.html,Valabilitate: din 21.10.2020 până în 27.10.2020
Monte Banato,Paste scurte,400 g,,,"3,19",- 9%,"2,89",,0,05,https://www.kaufland.ro/oferte/saptamana-curenta/produs.so_id=00036434.html,Valabilitate: din 21.10.2020 până în 27.10.2020
Ţara mea,Castraveţi în oţet,640 g,,,"5,29",- 24%,"3,99",,0,05,https://www.kaufland.ro/oferte/saptamana-curenta/produs.so_id=00066239.html,Valabilitate: din 21.10.2020 până în 27.10.2020
Scandia Sibiu,Ciorbă de burtă,820 g,,,"19,49",- 9%,"17,69",,0,05,https://www.kaufland.ro/oferte/saptamana-curenta/produs.so_id=00108382.html,Valabilitate: din 21.10.2020 până în 27.10.2020
FLORIOL,Ulei floarea soarelui,2 l,,,,,"12,29",,0,05,https://www.kaufland.ro/oferte/saptamana-curenta/produs.so_id=00130333.html,Valabilitate: din 21.10.2020 până în 27.10.2020
Rama Clasic,Grăsime tartinabilă,400 g,,,"7,25",- 20%,"5,79",,0,05,https://www.kaufland.ro/oferte/saptamana-curenta/produs.so_id=01600012.html,Valabilitate: din 21.10.2020 până în 27.10.2020
Delikat,Bază pentru mâncăruri,750 g,,,"18,09",- 9%,"16,29",,0,05,https://www.kaufland.ro/oferte/saptamana-curenta/produs.so_id=03801410.html,Valabilitate: din 21.10.2020 până în 27.10.2020
Floriol,Uei de floarea soarelui,1 l,,,,,"6,19",,0,05,https://www.kaufland.ro/oferte/saptamana-curenta/produs.so_id=03900290.html,Valabilitate: din 21.10.2020 până în 27.10.2020
Unisol,Ulei de floarea soarelui,1 l,,,,,"5,89",,0,05,https://www.kaufland.ro/oferte/saptamana-curenta/produs.so_id=03900292.html,Valabilitate: din 21.10.2020 până în 27.10.2020
Kaiser Franz Josef,Ulei de măsline,500 ml,,,"16,79",- 10%,"14,99",,0,05,https://www.kaufland.ro/oferte/saptamana-curenta/produs.so_id=03901710.html,Valabilitate: din 21.10.2020 până în 27.10.2020
Demi baghetă,,125 g,,,"0,99",- 30%,"0,69",,0,06,https://www.kaufland.ro/oferte/saptamana-curenta/produs.so_id=00025683.html,Valabilitate: din 21.10.2020 până în 27.10.2020
Gogoaşă pudrată,,65 g,,,"1,49",- 33%,"0,99",,0,06,https://www.kaufland.ro/oferte/saptamana-curenta/produs.so_id=00098230.html,Valabilitate: din 21.10.2020 până în 27.10.2020
Ciabatta măsline,,255 g,,,"3,39",- 20%,"2,69",,0,06,https://www.kaufland.ro/oferte/saptamana-curenta/produs.so_id=00103123.html,Valabilitate: din 21.10.2020 până în 27.10.2020
Foietaj,,95 g,,,"1,43",- 16%,"1,19",,0,06,https://www.kaufland.ro/oferte/saptamana-curenta/produs.so_id=01001309.html,Valabilitate: din 21.10.2020 până în 27.10.2020
Doncafé Elita,Cafea boabe,1 kg,,,,,"24,79",,0,08,https://www.kaufland.ro/oferte/saptamana-curenta/produs.so_id=00034152.html,Valabilitate: din 21.10.2020 până în 27.10.2020
Amigo,Cafea,2 la preț de 1,,,"20,98",- 50%,"10,49",,0,08,https://www.kaufland.ro/oferte/saptamana-curenta/produs.so_id=00039741.html,Valabilitate: din 21.10.2020 până în 27.10.2020
Nescafé Dolce Gusto,Capsule,diverse gramaje,,,"21,79",- 9%,"19,69",,0,08,https://www.kaufland.ro/oferte/saptamana-curenta/produs.so_id=00097461.html,Valabilitate: din 21.10.2020 până în 27.10.2020
L' OR,Cafea boabe,500 g,,,"39,29",- 15%,"33,39",,0,08,https://www.kaufland.ro/oferte/saptamana-curenta/produs.so_id=00130987.html,Valabilitate: din 21.10.2020 până în 27.10.2020
Boromir,Turtă Dulce,200 g,"(=1 kg 13,45)",Reducere cu Kaufland Card,"2,99",- 10%,"2,69",,0,09,https://www.kaufland.ro/oferte/saptamana-curenta/produs.so_id=00125492.html,Valabilitate: din 21.10.2020 până în 27.10.2020
Hello Nuts,Arahide prăjite,100 g,"(=1 kg 48,80)",Reducere cu Kaufland Card,"5,49",- 11%,"4,88",,0,09,https://www.kaufland.ro/oferte/saptamana-curenta/produs.so_id=00129726.html,Valabilitate: din 21.10.2020 până în 27.10.2020
Boromir,Croissant,60 g,,,"1,69",- 11%,"1,49",,0,09,https://www.kaufland.ro/oferte/saptamana-curenta/produs.so_id=00013686.html,Valabilitate: din 21.10.2020 până în 27.10.2020
Midi,Prăjitură,28 g,,,"0,79",- 12%,"0,69",,0,09,https://www.kaufland.ro/oferte/saptamana-curenta/produs.so_id=00022700.html,Valabilitate: din 21.10.2020 până în 27.10.2020
Chio,Chips,140 g,,,"4,75",- 16%,"3,99",,0,09,https://www.kaufland.ro/oferte/saptamana-curenta/produs.so_id=00066748.html,Valabilitate: din 21.10.2020 până în 27.10.2020
Alfers,Napolitane,170 g,,,"2,84",- 12%,"2,49",,0,09,https://www.kaufland.ro/oferte/saptamana-curenta/produs.so_id=00099908.html,Valabilitate: din 21.10.2020 până în 27.10.2020
Lion,Baton,"Mai mult,
Mai ieftin",,,"3,18",- 50%,"1,59",,0,09,https://www.kaufland.ro/oferte/saptamana-curenta/produs.so_id=02500052.html,Valabilitate: din 21.10.2020 până în 27.10.2020
Merci,Specialităţi de ciocolată,210 - 250 g,,,"17,49",- 22%,"13,49",,0,09,https://www.kaufland.ro/oferte/saptamana-curenta/produs.so_id=02700397.html,Valabilitate: din 21.10.2020 până în 27.10.2020
Boromir,Pişcoturi savoiardi,400 g,,,"7,69",- 9%,"6,99",,0,09,https://www.kaufland.ro/oferte/saptamana-curenta/produs.so_id=02800222.html,Valabilitate: din 21.10.2020 până în 27.10.2020
NESTLE,Baton cereale,25 g,,,"1,09",- 18%,"0,89",,0,09,https://www.kaufland.ro/oferte/saptamana-curenta/produs.so_id=04000036.html,Valabilitate: din 21.10.2020 până în 27.10.2020
Absolut,Votcă,"0,7 l","(=1 l 61,42)",Reducere cu Kaufland Card,"51,79",- 16%,"42,99",,0,10,https://www.kaufland.ro/oferte/saptamana-curenta/produs.so_id=02200111.html,Valabilitate: din 21.10.2020 până în 27.10.2020
Coca Cola / Fanta / Sprite,Băutură răcoritoare,"2,5 l","(=1 l 2,00)",Reducere cu Kaufland Card,"5,99",- 16%,"4,99",,0,10,https://www.kaufland.ro/oferte/saptamana-curenta/produs.so_id=02300577.html,Valabilitate: din 21.10.2020 până în 27.10.2020
Albacher,Bere blondă,"0,66 l",,,,,"2,69",,0,10,https://www.kaufland.ro/oferte/saptamana-curenta/produs.so_id=00014038.html,Valabilitate: din 21.10.2020 până în 27.10.2020
Aqua Carpatica,Apă minerală naturală,2 la preț de 1,,,"7,78",- 50%,"3,89",,0,10,https://www.kaufland.ro/oferte/saptamana-curenta/produs.so_id=00029448.html,Valabilitate: din 21.10.2020 până în 27.10.2020
Heineken,Bere blondă,"6x0,33 l",,,"21,99",- 18%,"17,99",,0,10,https://www.kaufland.ro/oferte/saptamana-curenta/produs.so_id=00044292.html,Valabilitate: din 21.10.2020 până în 27.10.2020
Heineken,Bere blondă,"8 x 0,25 l",,,"22,99",- 19%,"18,49",,0,10,https://www.kaufland.ro/oferte/saptamana-curenta/produs.so_id=00057362.html,Valabilitate: din 21.10.2020 până în 27.10.2020
Becks,Bere blondă,"0,75 l",,,"5,19",- 23%,"3,99",,0,10,https://www.kaufland.ro/oferte/saptamana-curenta/produs.so_id=00088553.html,Valabilitate: din 21.10.2020 până în 27.10.2020
Silva Lager,Bere blondă,"6X0,5 l",,,"16,45",- 10%,"14,79",,0,10,https://www.kaufland.ro/oferte/saptamana-curenta/produs.so_id=00119878.html,Valabilitate: din 21.10.2020 până în 27.10.2020
Silva Dark,Bere brună,"6X0,5 l",,,"18,95",- 10%,"16,99",,0,10,https://www.kaufland.ro/oferte/saptamana-curenta/produs.so_id=00121271.html,Valabilitate: din 21.10.2020 până în 27.10.2020
Ciuc Radler,Bere fără alcool,"6X0,33 l",,,"10,45",- 10%,"9,39",,0,10,https://www.kaufland.ro/oferte/saptamana-curenta/produs.so_id=00127271.html,Valabilitate: din 21.10.2020 până în 27.10.2020
Savoy,Blended Whiskey,"0,7 l",,,"41,99",- 12%,"36,79",,0,10,https://www.kaufland.ro/oferte/saptamana-curenta/produs.so_id=00128721.html,Valabilitate: din 21.10.2020 până în 27.10.2020
Zizin,Apă minerală naturală plată,5 l,,,"4,79",- 16%,"3,99",,0,10,https://www.kaufland.ro/oferte/saptamana-curenta/produs.so_id=02300010.html,Valabilitate: din 21.10.2020 până în 27.10.2020
Stânceni,Apă minerală,2 l,,,"1,99",- 10%,"1,79",,0,10,https://www.kaufland.ro/oferte/saptamana-curenta/produs.so_id=02300847.html,Valabilitate: din 21.10.2020 până în 27.10.2020
Santal,Nectar / Suc,1 l,,,"6,15",- 9%,"5,55",,0,10,https://www.kaufland.ro/oferte/saptamana-curenta/produs.so_id=02300889.html,Valabilitate: din 21.10.2020 până în 27.10.2020
Golden Brau,Bere blondă,"6 x 0,5 l",,,"12,25",- 26%,"8,99",,0,10,https://www.kaufland.ro/oferte/saptamana-curenta/produs.so_id=02301220.html,Valabilitate: din 21.10.2020 până în 27.10.2020
La Rive,Apă de toaletă pentru bărbaţi,90 ml,"(=1 l 260,89)",Reducere cu Kaufland Card,"25,89",- 9%,"23,48",,0,11,https://www.kaufland.ro/oferte/saptamana-curenta/produs.so_id=00064233.html,Valabilitate: din 21.10.2020 până în 27.10.2020
ORAL-B PROFESSIONAL,Pastă de dinți,75 ml,,Reducere cu Kaufland Card,"19,99",- 30%,"13,98",,0,11,https://www.kaufland.ro/oferte/saptamana-curenta/produs.so_id=00129027.html,Valabilitate: din 21.10.2020 până în 27.10.2020
TESORI D'ORIENTE,Săpun lichid,300 ml,,Reducere cu Kaufland Card,"14,99",- 20%,"11,99",,0,11,https://www.kaufland.ro/oferte/saptamana-curenta/produs.so_id=00130993.html,Valabilitate: din 21.10.2020 până în 27.10.2020
Gillette,Rezerve aparat pentru ras,Cumperi şi Primeşti,,,"50,48",- 21%,"39,49",,0,11,https://www.kaufland.ro/oferte/saptamana-curenta/produs.so_id=04701880.html,Valabilitate: din 21.10.2020 până în 27.10.2020
Gerovital H3 Evolution,Fiole cu acid hialuronic,10 fiole x 2 ml,,,"54,49",- 20%,"43,49",,0,11,https://www.kaufland.ro/oferte/saptamana-curenta/produs.so_id=00027069.html,Valabilitate: din 21.10.2020 până în 27.10.2020
Gerovital H3 Classic,Cremă pentru faţă,50 ml,,,"23,99",- 16%,"19,99",,0,11,https://www.kaufland.ro/oferte/saptamana-curenta/produs.so_id=00030982.html,Valabilitate: din 21.10.2020 până în 27.10.2020
Gerovital H3,Deodorant spray,150 ml,,,"8,49",- 17%,"6,99",,0,11,https://www.kaufland.ro/oferte/saptamana-curenta/produs.so_id=00031351.html,Valabilitate: din 21.10.2020 până în 27.10.2020
Always,Absorbante igienice,50 buc,,,"24,95",- 9%,"22,69",,0,11,https://www.kaufland.ro/oferte/saptamana-curenta/produs.so_id=00053015.html,Valabilitate: din 21.10.2020 până în 27.10.2020
Gerovital Tratament Expert,Şampon,250 ml,,,"13,65",- 17%,"11,29",,0,11,https://www.kaufland.ro/oferte/saptamana-curenta/produs.so_id=00056009.html,Valabilitate: din 21.10.2020 până în 27.10.2020
Pantene Pro-V,Şampon / Balsam,"200 ml / 270 ml /
300ml / 360 ml / 400 ml",,,"19,99",- 20%,"15,99",,0,11,https://www.kaufland.ro/oferte/saptamana-curenta/produs.so_id=00062064.html,Valabilitate: din 21.10.2020 până în 27.10.2020
LIVE COLOR,Vopsea păr,buc,,,"20,89",- 13%,"17,99",,0,11,https://www.kaufland.ro/oferte/saptamana-curenta/produs.so_id=00069331.html,Valabilitate: din 21.10.2020 până în 27.10.2020
PLANT LINE,Apă micelară,2 la preț de 1,,,"32,98",- 50%,"16,49",,0,11,https://www.kaufland.ro/oferte/saptamana-curenta/produs.so_id=00108667.html,Valabilitate: din 21.10.2020 până în 27.10.2020
Mennen Speed Stick,Deodorant stick gel,85 g,,,"12,49",- 12%,"10,99",,0,11,https://www.kaufland.ro/oferte/saptamana-curenta/produs.so_id=04800192.html,Valabilitate: din 21.10.2020 până în 27.10.2020
Chanson d`Eau,Deodorant spray,200 ml,,,"16,49",- 12%,"14,49",,0,11,https://www.kaufland.ro/oferte/saptamana-curenta/produs.so_id=04801024.html,Valabilitate: din 21.10.2020 până în 27.10.2020
Ariel,Detergent capsule pentru rufe,25 buc,"(=1 BUC 1,34)",Reducere cu Kaufland Card,"39,99",- 16%,"33,33",,0,12,https://www.kaufland.ro/oferte/saptamana-curenta/produs.so_id=00104601.html,Valabilitate: din 21.10.2020 până în 27.10.2020
Fairy,Detergent pentru vase,875 ml,"(=1 l 7,99)",Reducere cu Kaufland Card,"8,29",- 15%,"6,99",,0,12,https://www.kaufland.ro/oferte/saptamana-curenta/produs.so_id=00116274.html,Valabilitate: din 21.10.2020 până în 27.10.2020
Savo,Soluţie antimucegai,500 ml,"(=1 kg 34,96)",Reducere cu Kaufland Card,"19,55",- 10%,"17,48",,0,12,https://www.kaufland.ro/oferte/saptamana-curenta/produs.so_id=05001810.html,Valabilitate: din 21.10.2020 până în 27.10.2020
Cif,Cremă pentru suprafeţe,700 ml,,,"11,85",- 11%,"10,49",,0,12,https://www.kaufland.ro/oferte/saptamana-curenta/produs.so_id=00034836.html,Valabilitate: din 21.10.2020 până în 27.10.2020
Ariel,Detergent capsule pentru rufe,2 x 35 buc,,,,,"67,99",Ofertă specială,0,12,https://www.kaufland.ro/oferte/saptamana-curenta/produs.so_id=00062029.html,Valabilitate: din 21.10.2020 până în 27.10.2020
Lenor,Balsam pentru rufe,"2x1,44 / 2x1,5 / 2x1,9 l",,,,,"23,79",Ofertă specială,0,12,https://www.kaufland.ro/oferte/saptamana-curenta/produs.so_id=00097293.html,Valabilitate: din 21.10.2020 până în 27.10.2020
Glade Touch&Fresh,Odorizant pentru cameră,3 la preț de 2,,,,,"18,25",,0,12,https://www.kaufland.ro/oferte/saptamana-curenta/produs.so_id=00103435.html,Valabilitate: din 21.10.2020 până în 27.10.2020
K-Classic,Hârtie igienică,8 role,,,"8,49",- 41%,"4,99",,0,12,https://www.kaufland.ro/oferte/saptamana-curenta/produs.so_id=00105657.html,Valabilitate: din 21.10.2020 până în 27.10.2020
Mr. Proper,Spray pentru curățare suprafeţe,"Mai mult,
Mai ieftin",,,"28,98",- 50%,"14,49",,0,12,https://www.kaufland.ro/oferte/saptamana-curenta/produs.so_id=00121520.html,Valabilitate: din 21.10.2020 până în 27.10.2020
Lenor,Detergent capsule + balsam,"11 buc + 1,9 / 1,5 l",,,,,"26,69",,0,12,https://www.kaufland.ro/oferte/saptamana-curenta/produs.so_id=00125507.html,Valabilitate: din 21.10.2020 până în 27.10.2020
Coccolino,Balsam pentru rufe,"2,9 l",,,"26,29",- 23%,"19,99",,0,12,https://www.kaufland.ro/oferte/saptamana-curenta/produs.so_id=00130020.html,Valabilitate: din 21.10.2020 până în 27.10.2020
Ariel,Detergent automat pentru rufe,6 kg,,,,,"55,55",,0,12,https://www.kaufland.ro/oferte/saptamana-curenta/produs.so_id=04900412.html,Valabilitate: din 21.10.2020 până în 27.10.2020
Linguri,,1 set,,,"12,99",- 38%,"7,99",,1,12,https://www.kaufland.ro/oferte/saptamana-curenta/produs.so_id=00022534.html,Valabilitate: din 21.10.2020 până în 27.10.2020
Furculiţe,,1 set,,,"13,99",- 42%,"7,99",,1,12,https://www.kaufland.ro/oferte/saptamana-curenta/produs.so_id=00022536.html,Valabilitate: din 21.10.2020 până în 27.10.2020
Caserole cu capac,,1 set,,,,,"22,99",Ofertă specială,1,12,https://www.kaufland.ro/oferte/saptamana-curenta/produs.so_id=00076229.html,Valabilitate: din 21.10.2020 până în 27.10.2020
Bormioli,Farfurie întinsă,1 buc,,,,,"3,99",Ofertă specială,1,12,https://www.kaufland.ro/oferte/saptamana-curenta/produs.so_id=00081363.html,Valabilitate: din 21.10.2020 până în 27.10.2020
Bormioli,Farfurie adâncă,1 buc,,,,,"3,99",Ofertă specială,1,12,https://www.kaufland.ro/oferte/saptamana-curenta/produs.so_id=00081365.html,Valabilitate: din 21.10.2020 până în 27.10.2020
Bormioli,Farfurie desert,1 buc,,,,,"3,99",Ofertă specială,1,12,https://www.kaufland.ro/oferte/saptamana-curenta/produs.so_id=00081366.html,Valabilitate: din 21.10.2020 până în 27.10.2020
K-Classic,Candelă ulei timp de ardere: 120 h,1 buc,,,"5,99",- 41%,"3,49",,1,12,https://www.kaufland.ro/oferte/saptamana-curenta/produs.so_id=00081686.html,Valabilitate: din 21.10.2020 până în 27.10.2020
K-Classic,Candelă ulei timp de ardere: 60 h,1 buc,,,"3,29",- 39%,"1,99",,1,12,https://www.kaufland.ro/oferte/saptamana-curenta/produs.so_id=00081688.html,Valabilitate: din 21.10.2020 până în 27.10.2020
Bormioli,Bol cca. 23 cm,1 buc,,,,,"11,99",Ofertă specială,1,12,https://www.kaufland.ro/oferte/saptamana-curenta/produs.so_id=00082243.html,Valabilitate: din 21.10.2020 până în 27.10.2020
Bormioli,Cană,1 buc,,,,,"6,99",Ofertă specială,1,12,https://www.kaufland.ro/oferte/saptamana-curenta/produs.so_id=00085235.html,Valabilitate: din 21.10.2020 până în 27.10.2020
Candelă cu capac,pentru exterior timp de ardere: 10 h,1 buc,,,"3,19",- 37%,"1,99",,1,12,https://www.kaufland.ro/oferte/saptamana-curenta/produs.so_id=00086878.html,Valabilitate: din 21.10.2020 până în 27.10.2020
Vase emailate,,1 buc,,,,,"12,99",Ofertă specială,1,12,https://www.kaufland.ro/oferte/saptamana-curenta/produs.so_id=00089260.html,Valabilitate: din 21.10.2020 până în 27.10.2020
Lampion cu LED,,1 buc,,,,,"6,99",Ofertă specială,1,12,https://www.kaufland.ro/oferte/saptamana-curenta/produs.so_id=00091872.html,Valabilitate: din 21.10.2020 până în 27.10.2020
Costum vrăjitoare,mărime: 128-140,1 buc,,,,,"24,99",Ofertă specială,1,12,https://www.kaufland.ro/oferte/saptamana-curenta/produs.so_id=00091879.html,Valabilitate: din 21.10.2020 până în 27.10.2020
Costum vrăjitoare,mărime: 152-164,1 buc,,,,,"24,99",Ofertă specială,1,12,https://www.kaufland.ro/oferte/saptamana-curenta/produs.so_id=00091882.html,Valabilitate: din 21.10.2020 până în 27.10.2020
Costum schelet,,1 buc,,,,,"24,99",Ofertă specială,1,12,https://www.kaufland.ro/oferte/saptamana-curenta/produs.so_id=00091894.html,Valabilitate: din 21.10.2020 până în 27.10.2020
Costum schelet,mărime: 152-164,1 buc,,,,,"24,99",Ofertă specială,1,12,https://www.kaufland.ro/oferte/saptamana-curenta/produs.so_id=00091896.html,Valabilitate: din 21.10.2020 până în 27.10.2020
Mănuşi schelet,,1 buc,,,,,"6,99",Ofertă specială,1,12,https://www.kaufland.ro/oferte/saptamana-curenta/produs.so_id=00091907.html,Valabilitate: din 21.10.2020 până în 27.10.2020
Coroniță Halloween,,1 buc,,,,,"6,99",Ofertă specială,1,12,https://www.kaufland.ro/oferte/saptamana-curenta/produs.so_id=00091908.html,Valabilitate: din 21.10.2020 până în 27.10.2020
Figurină decorativă,,1 buc,,,,,"6,99",Ofertă specială,1,12,https://www.kaufland.ro/oferte/saptamana-curenta/produs.so_id=00091910.html,Valabilitate: din 21.10.2020 până în 27.10.2020
Mască Halloween,,1 buc,,,,,"19,99",Ofertă specială,1,12,https://www.kaufland.ro/oferte/saptamana-curenta/produs.so_id=00091927.html,Valabilitate: din 21.10.2020 până în 27.10.2020
Mască Halloween,,1 buc,,,,,"19,99",Ofertă specială,1,12,https://www.kaufland.ro/oferte/saptamana-curenta/produs.so_id=00091929.html,Valabilitate: din 21.10.2020 până în 27.10.2020
Costum vampir,,1 buc,,,,,"24,99",Ofertă specială,1,12,https://www.kaufland.ro/oferte/saptamana-curenta/produs.so_id=00092016.html,Valabilitate: din 21.10.2020 până în 27.10.2020
Linguriţă,,1 buc,,,,,"1,49",Ofertă specială,1,12,https://www.kaufland.ro/oferte/saptamana-curenta/produs.so_id=00095391.html,Valabilitate: din 21.10.2020 până în 27.10.2020
Lingură,,1 buc,,,,,"1,49",Ofertă specială,1,12,https://www.kaufland.ro/oferte/saptamana-curenta/produs.so_id=00095392.html,Valabilitate: din 21.10.2020 până în 27.10.2020
Furculiţă,,1 buc,,,,,"1,49",Ofertă specială,1,12,https://www.kaufland.ro/oferte/saptamana-curenta/produs.so_id=00095393.html,Valabilitate: din 21.10.2020 până în 27.10.2020
Bormioli,"Bol cca. 13,5 cm",1 buc,,,,,"5,99",Ofertă specială,1,12,https://www.kaufland.ro/oferte/saptamana-curenta/produs.so_id=00101652.html,Valabilitate: din 21.10.2020 până în 27.10.2020
Bormioli,Platou oval,1 buc,,,,,"11,99",Ofertă specială,1,12,https://www.kaufland.ro/oferte/saptamana-curenta/produs.so_id=00105068.html,Valabilitate: din 21.10.2020 până în 27.10.2020
Candelă cu capac,timp de ardere: 10 h,1 buc,,,,,"0,99",Ofertă specială,1,12,https://www.kaufland.ro/oferte/saptamana-curenta/produs.so_id=00105696.html,Valabilitate: din 21.10.2020 până în 27.10.2020
Instalaţie decorativă,,1 buc,,,,,"9,99",Ofertă specială,1,12,https://www.kaufland.ro/oferte/saptamana-curenta/produs.so_id=00111736.html,Valabilitate: din 21.10.2020 până în 27.10.2020
Instalaţie decorativă,,1 buc,,,,,"9,99",Ofertă specială,1,12,https://www.kaufland.ro/oferte/saptamana-curenta/produs.so_id=00111814.html,Valabilitate: din 21.10.2020 până în 27.10.2020
Geantă Halloween,,1 buc,,,,,"11,99",Ofertă specială,1,12,https://www.kaufland.ro/oferte/saptamana-curenta/produs.so_id=00111815.html,Valabilitate: din 21.10.2020 până în 27.10.2020
K-Classic,Şerveţele albe,1 set,,,,,"1,99",,1,12,https://www.kaufland.ro/oferte/saptamana-curenta/produs.so_id=00113120.html,Valabilitate: din 21.10.2020 până în 27.10.2020
Decorațiune Halloween,,1 buc,,,,,"5,99",Ofertă specială,1,12,https://www.kaufland.ro/oferte/saptamana-curenta/produs.so_id=00113262.html,Valabilitate: din 21.10.2020 până în 27.10.2020
Decorațiune Halloween,,1 buc,,,,,"3,99",Ofertă specială,1,12,https://www.kaufland.ro/oferte/saptamana-curenta/produs.so_id=00113264.html,Valabilitate: din 21.10.2020 până în 27.10.2020
Găleată Halloween cu LED,,1 buc,,,,,"19,99",Ofertă specială,1,12,https://www.kaufland.ro/oferte/saptamana-curenta/produs.so_id=00113313.html,Valabilitate: din 21.10.2020 până în 27.10.2020
Farfurie desert,,1 buc,,,,,"2,99",Ofertă specială,1,12,https://www.kaufland.ro/oferte/saptamana-curenta/produs.so_id=00115174.html,Valabilitate: din 21.10.2020 până în 27.10.2020
Bol,"cca. 0,95 l",1 buc,,,,,"4,99",Ofertă specială,1,12,https://www.kaufland.ro/oferte/saptamana-curenta/produs.so_id=00115175.html,Valabilitate: din 21.10.2020 până în 27.10.2020
Farfurie întinsă,,1 buc,,,,,"3,99",Ofertă specială,1,12,https://www.kaufland.ro/oferte/saptamana-curenta/produs.so_id=00115176.html,Valabilitate: din 21.10.2020 până în 27.10.2020
Farfurie adâncă,,1 buc,,,,,"3,49",Ofertă specială,1,12,https://www.kaufland.ro/oferte/saptamana-curenta/produs.so_id=00115177.html,Valabilitate: din 21.10.2020 până în 27.10.2020
Cană,,1 buc,,,,,"4,99",Ofertă specială,1,12,https://www.kaufland.ro/oferte/saptamana-curenta/produs.so_id=00115178.html,Valabilitate: din 21.10.2020 până în 27.10.2020
Bol,"cca. 0,25 l",1 buc,,,,,"3,49",Ofertă specială,1,12,https://www.kaufland.ro/oferte/saptamana-curenta/produs.so_id=00115179.html,Valabilitate: din 21.10.2020 până în 27.10.2020
Candelă fără capac,timp de ardere: 22 h,1 set,,,"7,99",- 56%,"3,49",,1,12,https://www.kaufland.ro/oferte/saptamana-curenta/produs.so_id=00121215.html,Valabilitate: din 21.10.2020 până în 27.10.2020
Pahar,,1 buc,,,,,"1,99",Ofertă specială,1,12,https://www.kaufland.ro/oferte/saptamana-curenta/produs.so_id=00122495.html,Valabilitate: din 21.10.2020 până în 27.10.2020
Bol,,1 buc,,,,,"3,99",Ofertă specială,1,12,https://www.kaufland.ro/oferte/saptamana-curenta/produs.so_id=00123420.html,Valabilitate: din 21.10.2020 până în 27.10.2020
Bol,,1 buc,,,,,"5,99",Ofertă specială,1,12,https://www.kaufland.ro/oferte/saptamana-curenta/produs.so_id=00123422.html,Valabilitate: din 21.10.2020 până în 27.10.2020
Candelă cu capac,timp de ardere: 72 h,1 buc,,,,,"2,99",Ofertă specială,1,12,https://www.kaufland.ro/oferte/saptamana-curenta/produs.so_id=00125849.html,Valabilitate: din 21.10.2020 până în 27.10.2020
Baloane Halloween,,1 buc,,,,,"9,99",Ofertă specială,1,12,https://www.kaufland.ro/oferte/saptamana-curenta/produs.so_id=00127264.html,Valabilitate: din 21.10.2020 până în 27.10.2020
Instalație decorativă,,1 buc,,,,,"19,99",Ofertă specială,1,12,https://www.kaufland.ro/oferte/saptamana-curenta/produs.so_id=00127627.html,Valabilitate: din 21.10.2020 până în 27.10.2020
Balon Halloween,,1 buc,,,,,"7,99",Ofertă specială,1,12,https://www.kaufland.ro/oferte/saptamana-curenta/produs.so_id=00127705.html,Valabilitate: din 21.10.2020 până în 27.10.2020
Linguri,,1 set,,,"12,99",- 38%,"7,99",,0,14,https://www.kaufland.ro/oferte/saptamana-curenta/produs.so_id=00022534.html,Valabilitate: din 21.10.2020 până în 27.10.2020
Furculiţe,,1 set,,,"13,99",- 42%,"7,99",,0,14,https://www.kaufland.ro/oferte/saptamana-curenta/produs.so_id=00022536.html,Valabilitate: din 21.10.2020 până în 27.10.2020
Caserole cu capac,,1 set,,,,,"22,99",Ofertă specială,0,14,https://www.kaufland.ro/oferte/saptamana-curenta/produs.so_id=00076229.html,Valabilitate: din 21.10.2020 până în 27.10.2020
Bormioli,Farfurie întinsă,1 buc,,,,,"3,99",Ofertă specială,0,14,https://www.kaufland.ro/oferte/saptamana-curenta/produs.so_id=00081363.html,Valabilitate: din 21.10.2020 până în 27.10.2020
Bormioli,Farfurie adâncă,1 buc,,,,,"3,99",Ofertă specială,0,14,https://www.kaufland.ro/oferte/saptamana-curenta/produs.so_id=00081365.html,Valabilitate: din 21.10.2020 până în 27.10.2020
Bormioli,Farfurie desert,1 buc,,,,,"3,99",Ofertă specială,0,14,https://www.kaufland.ro/oferte/saptamana-curenta/produs.so_id=00081366.html,Valabilitate: din 21.10.2020 până în 27.10.2020
K-Classic,Candelă ulei timp de ardere: 120 h,1 buc,,,"5,99",- 41%,"3,49",,0,14,https://www.kaufland.ro/oferte/saptamana-curenta/produs.so_id=00081686.html,Valabilitate: din 21.10.2020 până în 27.10.2020
K-Classic,Candelă ulei timp de ardere: 60 h,1 buc,,,"3,29",- 39%,"1,99",,0,14,https://www.kaufland.ro/oferte/saptamana-curenta/produs.so_id=00081688.html,Valabilitate: din 21.10.2020 până în 27.10.2020
Bormioli,Bol cca. 23 cm,1 buc,,,,,"11,99",Ofertă specială,0,14,https://www.kaufland.ro/oferte/saptamana-curenta/produs.so_id=00082243.html,Valabilitate: din 21.10.2020 până în 27.10.2020
Bormioli,Cană,1 buc,,,,,"6,99",Ofertă specială,0,14,https://www.kaufland.ro/oferte/saptamana-curenta/produs.so_id=00085235.html,Valabilitate: din 21.10.2020 până în 27.10.2020
Candelă cu capac,pentru exterior timp de ardere: 10 h,1 buc,,,"3,19",- 37%,"1,99",,0,14,https://www.kaufland.ro/oferte/saptamana-curenta/produs.so_id=00086878.html,Valabilitate: din 21.10.2020 până în 27.10.2020
Vase emailate,,1 buc,,,,,"12,99",Ofertă specială,0,14,https://www.kaufland.ro/oferte/saptamana-curenta/produs.so_id=00089260.html,Valabilitate: din 21.10.2020 până în 27.10.2020
Lampion cu LED,,1 buc,,,,,"6,99",Ofertă specială,0,14,https://www.kaufland.ro/oferte/saptamana-curenta/produs.so_id=00091872.html,Valabilitate: din 21.10.2020 până în 27.10.2020
Costum vrăjitoare,mărime: 128-140,1 buc,,,,,"24,99",Ofertă specială,0,14,https://www.kaufland.ro/oferte/saptamana-curenta/produs.so_id=00091879.html,Valabilitate: din 21.10.2020 până în 27.10.2020
Costum vrăjitoare,mărime: 152-164,1 buc,,,,,"24,99",Ofertă specială,0,14,https://www.kaufland.ro/oferte/saptamana-curenta/produs.so_id=00091882.html,Valabilitate: din 21.10.2020 până în 27.10.2020
Costum schelet,,1 buc,,,,,"24,99",Ofertă specială,0,14,https://www.kaufland.ro/oferte/saptamana-curenta/produs.so_id=00091894.html,Valabilitate: din 21.10.2020 până în 27.10.2020
Costum schelet,mărime: 152-164,1 buc,,,,,"24,99",Ofertă specială,0,14,https://www.kaufland.ro/oferte/saptamana-curenta/produs.so_id=00091896.html,Valabilitate: din 21.10.2020 până în 27.10.2020
Mănuşi schelet,,1 buc,,,,,"6,99",Ofertă specială,0,14,https://www.kaufland.ro/oferte/saptamana-curenta/produs.so_id=00091907.html,Valabilitate: din 21.10.2020 până în 27.10.2020
Coroniță Halloween,,1 buc,,,,,"6,99",Ofertă specială,0,14,https://www.kaufland.ro/oferte/saptamana-curenta/produs.so_id=00091908.html,Valabilitate: din 21.10.2020 până în 27.10.2020
Figurină decorativă,,1 buc,,,,,"6,99",Ofertă specială,0,14,https://www.kaufland.ro/oferte/saptamana-curenta/produs.so_id=00091910.html,Valabilitate: din 21.10.2020 până în 27.10.2020
Mască Halloween,,1 buc,,,,,"19,99",Ofertă specială,0,14,https://www.kaufland.ro/oferte/saptamana-curenta/produs.so_id=00091927.html,Valabilitate: din 21.10.2020 până în 27.10.2020
Mască Halloween,,1 buc,,,,,"19,99",Ofertă specială,0,14,https://www.kaufland.ro/oferte/saptamana-curenta/produs.so_id=00091929.html,Valabilitate: din 21.10.2020 până în 27.10.2020
Costum vampir,,1 buc,,,,,"24,99",Ofertă specială,0,14,https://www.kaufland.ro/oferte/saptamana-curenta/produs.so_id=00092016.html,Valabilitate: din 21.10.2020 până în 27.10.2020
Linguriţă,,1 buc,,,,,"1,49",Ofertă specială,0,14,https://www.kaufland.ro/oferte/saptamana-curenta/produs.so_id=00095391.html,Valabilitate: din 21.10.2020 până în 27.10.2020
Lingură,,1 buc,,,,,"1,49",Ofertă specială,0,14,https://www.kaufland.ro/oferte/saptamana-curenta/produs.so_id=00095392.html,Valabilitate: din 21.10.2020 până în 27.10.2020
Furculiţă,,1 buc,,,,,"1,49",Ofertă specială,0,14,https://www.kaufland.ro/oferte/saptamana-curenta/produs.so_id=00095393.html,Valabilitate: din 21.10.2020 până în 27.10.2020
Bormioli,"Bol cca. 13,5 cm",1 buc,,,,,"5,99",Ofertă specială,0,14,https://www.kaufland.ro/oferte/saptamana-curenta/produs.so_id=00101652.html,Valabilitate: din 21.10.2020 până în 27.10.2020
Bormioli,Platou oval,1 buc,,,,,"11,99",Ofertă specială,0,14,https://www.kaufland.ro/oferte/saptamana-curenta/produs.so_id=00105068.html,Valabilitate: din 21.10.2020 până în 27.10.2020
Candelă cu capac,timp de ardere: 10 h,1 buc,,,,,"0,99",Ofertă specială,0,14,https://www.kaufland.ro/oferte/saptamana-curenta/produs.so_id=00105696.html,Valabilitate: din 21.10.2020 până în 27.10.2020
Instalaţie decorativă,,1 buc,,,,,"9,99",Ofertă specială,0,14,https://www.kaufland.ro/oferte/saptamana-curenta/produs.so_id=00111736.html,Valabilitate: din 21.10.2020 până în 27.10.2020
Instalaţie decorativă,,1 buc,,,,,"9,99",Ofertă specială,0,14,https://www.kaufland.ro/oferte/saptamana-curenta/produs.so_id=00111814.html,Valabilitate: din 21.10.2020 până în 27.10.2020
Geantă Halloween,,1 buc,,,,,"11,99",Ofertă specială,0,14,https://www.kaufland.ro/oferte/saptamana-curenta/produs.so_id=00111815.html,Valabilitate: din 21.10.2020 până în 27.10.2020
K-Classic,Şerveţele albe,1 set,,,,,"1,99",,0,14,https://www.kaufland.ro/oferte/saptamana-curenta/produs.so_id=00113120.html,Valabilitate: din 21.10.2020 până în 27.10.2020
Decorațiune Halloween,,1 buc,,,,,"5,99",Ofertă specială,0,14,https://www.kaufland.ro/oferte/saptamana-curenta/produs.so_id=00113262.html,Valabilitate: din 21.10.2020 până în 27.10.2020
Decorațiune Halloween,,1 buc,,,,,"3,99",Ofertă specială,0,14,https://www.kaufland.ro/oferte/saptamana-curenta/produs.so_id=00113264.html,Valabilitate: din 21.10.2020 până în 27.10.2020
Găleată Halloween cu LED,,1 buc,,,,,"19,99",Ofertă specială,0,14,https://www.kaufland.ro/oferte/saptamana-curenta/produs.so_id=00113313.html,Valabilitate: din 21.10.2020 până în 27.10.2020
Farfurie desert,,1 buc,,,,,"2,99",Ofertă specială,0,14,https://www.kaufland.ro/oferte/saptamana-curenta/produs.so_id=00115174.html,Valabilitate: din 21.10.2020 până în 27.10.2020
Bol,"cca. 0,95 l",1 buc,,,,,"4,99",Ofertă specială,0,14,https://www.kaufland.ro/oferte/saptamana-curenta/produs.so_id=00115175.html,Valabilitate: din 21.10.2020 până în 27.10.2020
Farfurie întinsă,,1 buc,,,,,"3,99",Ofertă specială,0,14,https://www.kaufland.ro/oferte/saptamana-curenta/produs.so_id=00115176.html,Valabilitate: din 21.10.2020 până în 27.10.2020
Farfurie adâncă,,1 buc,,,,,"3,49",Ofertă specială,0,14,https://www.kaufland.ro/oferte/saptamana-curenta/produs.so_id=00115177.html,Valabilitate: din 21.10.2020 până în 27.10.2020
Cană,,1 buc,,,,,"4,99",Ofertă specială,0,14,https://www.kaufland.ro/oferte/saptamana-curenta/produs.so_id=00115178.html,Valabilitate: din 21.10.2020 până în 27.10.2020
Bol,"cca. 0,25 l",1 buc,,,,,"3,49",Ofertă specială,0,14,https://www.kaufland.ro/oferte/saptamana-curenta/produs.so_id=00115179.html,Valabilitate: din 21.10.2020 până în 27.10.2020
Candelă fără capac,timp de ardere: 22 h,1 set,,,"7,99",- 56%,"3,49",,0,14,https://www.kaufland.ro/oferte/saptamana-curenta/produs.so_id=00121215.html,Valabilitate: din 21.10.2020 până în 27.10.2020
Pahar,,1 buc,,,,,"1,99",Ofertă specială,0,14,https://www.kaufland.ro/oferte/saptamana-curenta/produs.so_id=00122495.html,Valabilitate: din 21.10.2020 până în 27.10.2020
Bol,,1 buc,,,,,"3,99",Ofertă specială,0,14,https://www.kaufland.ro/oferte/saptamana-curenta/produs.so_id=00123420.html,Valabilitate: din 21.10.2020 până în 27.10.2020
Bol,,1 buc,,,,,"5,99",Ofertă specială,0,14,https://www.kaufland.ro/oferte/saptamana-curenta/produs.so_id=00123422.html,Valabilitate: din 21.10.2020 până în 27.10.2020
Candelă cu capac,timp de ardere: 72 h,1 buc,,,,,"2,99",Ofertă specială,0,14,https://www.kaufland.ro/oferte/saptamana-curenta/produs.so_id=00125849.html,Valabilitate: din 21.10.2020 până în 27.10.2020
Baloane Halloween,,1 buc,,,,,"9,99",Ofertă specială,0,14,https://www.kaufland.ro/oferte/saptamana-curenta/produs.so_id=00127264.html,Valabilitate: din 21.10.2020 până în 27.10.2020
Instalație decorativă,,1 buc,,,,,"19,99",Ofertă specială,0,14,https://www.kaufland.ro/oferte/saptamana-curenta/produs.so_id=00127627.html,Valabilitate: din 21.10.2020 până în 27.10.2020
Balon Halloween,,1 buc,,,,,"7,99",Ofertă specială,0,14,https://www.kaufland.ro/oferte/saptamana-curenta/produs.so_id=00127705.html,Valabilitate: din 21.10.2020 până în 27.10.2020
Figurină Halloween,,1 buc,,,,,"9,99",Ofertă specială,0,14,https://www.kaufland.ro/oferte/saptamana-curenta/produs.so_id=00129650.html,Valabilitate: din 21.10.2020 până în 27.10.2020
Mini figurină Halloween,,1 buc,,,,,"4,99",Ofertă specială,0,14,https://www.kaufland.ro/oferte/saptamana-curenta/produs.so_id=00129652.html,Valabilitate: din 21.10.2020 până în 27.10.2020
Pluș paiete Halloween,,1 buc,,,,,"19,99",Ofertă specială,0,14,https://www.kaufland.ro/oferte/saptamana-curenta/produs.so_id=00129653.html,Valabilitate: din 21.10.2020 până în 27.10.2020
Set protecție masă,,1 set,,,,,"19,99",Ofertă specială,0,14,https://www.kaufland.ro/oferte/saptamana-curenta/produs.so_id=00129655.html,Valabilitate: din 21.10.2020 până în 27.10.2020
Sticker geam Halloween,,1 buc,,,,,"9,99",Ofertă specială,0,14,https://www.kaufland.ro/oferte/saptamana-curenta/produs.so_id=00129656.html,Valabilitate: din 21.10.2020 până în 27.10.2020
Sticker geam Halloween,,1 buc,,,,,"9,99",Ofertă specială,0,14,https://www.kaufland.ro/oferte/saptamana-curenta/produs.so_id=00129657.html,Valabilitate: din 21.10.2020 până în 27.10.2020
Candelă fără capac,timp de ardere: 15 h,1 set,,,"3,79",- 21%,"2,99",,0,14,https://www.kaufland.ro/oferte/saptamana-curenta/produs.so_id=05201250.html,Valabilitate: din 21.10.2020 până în 27.10.2020
Candelă cu capac,timp de ardere: 15 h,1 set,,,,,"3,69",Ofertă specială,0,14,https://www.kaufland.ro/oferte/saptamana-curenta/produs.so_id=05201252.html,Valabilitate: din 21.10.2020 până în 27.10.2020
Ariel,Detergent capsule pentru rufe,25 buc,"(=1 BUC 1,34)",Reducere cu Kaufland Card,"39,99",- 16%,"33,33",,1,14,https://www.kaufland.ro/oferte/saptamana-curenta/produs.so_id=00104601.html,Valabilitate: din 21.10.2020 până în 27.10.2020
Fairy,Detergent pentru vase,875 ml,"(=1 l 7,99)",Reducere cu Kaufland Card,"8,29",- 15%,"6,99",,1,14,https://www.kaufland.ro/oferte/saptamana-curenta/produs.so_id=00116274.html,Valabilitate: din 21.10.2020 până în 27.10.2020
Savo,Soluţie antimucegai,500 ml,"(=1 kg 34,96)",Reducere cu Kaufland Card,"19,55",- 10%,"17,48",,1,14,https://www.kaufland.ro/oferte/saptamana-curenta/produs.so_id=05001810.html,Valabilitate: din 21.10.2020 până în 27.10.2020
Cif,Cremă pentru suprafeţe,700 ml,,,"11,85",- 11%,"10,49",,1,14,https://www.kaufland.ro/oferte/saptamana-curenta/produs.so_id=00034836.html,Valabilitate: din 21.10.2020 până în 27.10.2020
Ariel,Detergent capsule pentru rufe,2 x 35 buc,,,,,"67,99",Ofertă specială,1,14,https://www.kaufland.ro/oferte/saptamana-curenta/produs.so_id=00062029.html,Valabilitate: din 21.10.2020 până în 27.10.2020
Lenor,Balsam pentru rufe,"2x1,44 / 2x1,5 / 2x1,9 l",,,,,"23,79",Ofertă specială,1,14,https://www.kaufland.ro/oferte/saptamana-curenta/produs.so_id=00097293.html,Valabilitate: din 21.10.2020 până în 27.10.2020
Glade Touch&Fresh,Odorizant pentru cameră,3 la preț de 2,,,,,"18,25",,1,14,https://www.kaufland.ro/oferte/saptamana-curenta/produs.so_id=00103435.html,Valabilitate: din 21.10.2020 până în 27.10.2020
K-Classic,Hârtie igienică,8 role,,,"8,49",- 41%,"4,99",,1,14,https://www.kaufland.ro/oferte/saptamana-curenta/produs.so_id=00105657.html,Valabilitate: din 21.10.2020 până în 27.10.2020
Mr. Proper,Spray pentru curățare suprafeţe,"Mai mult,
Mai ieftin",,,"28,98",- 50%,"14,49",,1,14,https://www.kaufland.ro/oferte/saptamana-curenta/produs.so_id=00121520.html,Valabilitate: din 21.10.2020 până în 27.10.2020
Lenor,Detergent capsule + balsam,"11 buc + 1,9 / 1,5 l",,,,,"26,69",,1,14,https://www.kaufland.ro/oferte/saptamana-curenta/produs.so_id=00125507.html,Valabilitate: din 21.10.2020 până în 27.10.2020
Coccolino,Balsam pentru rufe,"2,9 l",,,"26,29",- 23%,"19,99",,1,14,https://www.kaufland.ro/oferte/saptamana-curenta/produs.so_id=00130020.html,Valabilitate: din 21.10.2020 până în 27.10.2020
Ariel,Detergent automat pentru rufe,6 kg,,,,,"55,55",,1,14,https://www.kaufland.ro/oferte/saptamana-curenta/produs.so_id=04900412.html,Valabilitate: din 21.10.2020 până în 27.10.2020
Chiloți brazilieni,pentru femei,2 buc/set,,,,,"16,99",Ofertă specială,0,15,https://www.kaufland.ro/oferte/saptamana-curenta/produs.so_id=00079176.html,Valabilitate: din 21.10.2020 până în 27.10.2020
Maiou pentru bărbaţi,,2 buc/set,,,,,"29,99",Ofertă specială,0,15,https://www.kaufland.ro/oferte/saptamana-curenta/produs.so_id=00079179.html,Valabilitate: din 21.10.2020 până în 27.10.2020
Maiou pentru femei,,2 buc/set,,,,,"29,99",Ofertă specială,0,15,https://www.kaufland.ro/oferte/saptamana-curenta/produs.so_id=00079181.html,Valabilitate: din 21.10.2020 până în 27.10.2020
Cămașă de corp,pentru bărbați,1 buc,,,,,"24,99",Ofertă specială,0,15,https://www.kaufland.ro/oferte/saptamana-curenta/produs.so_id=00117971.html,Valabilitate: din 21.10.2020 până în 27.10.2020
Oyanda,Helancă pentru femei,1 buc,,,,,"19,99",Ofertă specială,0,15,https://www.kaufland.ro/oferte/saptamana-curenta/produs.so_id=00128018.html,Valabilitate: din 21.10.2020 până în 27.10.2020
Oyanda,Hanorac pentru femei,1 buc,,,,,"39,99",Ofertă specială,0,15,https://www.kaufland.ro/oferte/saptamana-curenta/produs.so_id=00128019.html,Valabilitate: din 21.10.2020 până în 27.10.2020
Oyanda,Colanți pentru femei,1 buc,,,,,"49,99",Ofertă specială,0,15,https://www.kaufland.ro/oferte/saptamana-curenta/produs.so_id=00128021.html,Valabilitate: din 21.10.2020 până în 27.10.2020
Oyanda,Mănuși pentru femei,1 pereche,,,,,"22,99",Ofertă specială,0,15,https://www.kaufland.ro/oferte/saptamana-curenta/produs.so_id=00128022.html,Valabilitate: din 21.10.2020 până în 27.10.2020
Oyanda,Căciulă pentru femei,1 buc,,,,,"17,99",Ofertă specială,0,15,https://www.kaufland.ro/oferte/saptamana-curenta/produs.so_id=00128023.html,Valabilitate: din 21.10.2020 până în 27.10.2020
Oyanda,Cizme termo femei,1 pereche,,,,,"59,99",Ofertă specială,0,15,https://www.kaufland.ro/oferte/saptamana-curenta/produs.so_id=00128024.html,Valabilitate: din 21.10.2020 până în 27.10.2020
Townland,Bluză bărbați,1 buc,,,,,"24,99",Ofertă specială,0,15,https://www.kaufland.ro/oferte/saptamana-curenta/produs.so_id=00128025.html,Valabilitate: din 21.10.2020 până în 27.10.2020
Townland,Hanorac pentru bărbați,1 buc,,,,,"39,99",Ofertă specială,0,15,https://www.kaufland.ro/oferte/saptamana-curenta/produs.so_id=00128026.html,Valabilitate: din 21.10.2020 până în 27.10.2020
Townland,Jeans pentru bărbați,1 buc,,,,,"49,99",Ofertă specială,0,15,https://www.kaufland.ro/oferte/saptamana-curenta/produs.so_id=00128027.html,Valabilitate: din 21.10.2020 până în 27.10.2020
Townland,Mănuși pentru bărbați,1 pereche,,,,,"22,99",Ofertă specială,0,15,https://www.kaufland.ro/oferte/saptamana-curenta/produs.so_id=00128028.html,Valabilitate: din 21.10.2020 până în 27.10.2020
Townland,Căciulă pentru bărbați,1 buc,,,,,"17,99",Ofertă specială,0,15,https://www.kaufland.ro/oferte/saptamana-curenta/produs.so_id=00128029.html,Valabilitate: din 21.10.2020 până în 27.10.2020
Townland,Cizme termo pentru bărbați,1 pereche,,,,,"59,99",Ofertă specială,0,15,https://www.kaufland.ro/oferte/saptamana-curenta/produs.so_id=00128030.html,Valabilitate: din 21.10.2020 până în 27.10.2020
Townland,Șosete pentru bărbați,1 set,,,,,"24,99",Ofertă specială,0,15,https://www.kaufland.ro/oferte/saptamana-curenta/produs.so_id=00128153.html,Valabilitate: din 21.10.2020 până în 27.10.2020
Geacă pentru femei,,1 buc,,,,,"79,99",Ofertă specială,0,15,https://www.kaufland.ro/oferte/saptamana-curenta/produs.so_id=00128935.html,Valabilitate: din 21.10.2020 până în 27.10.2020
Boxeri pentu bărbați,,1 buc,,,,,"12,99",Ofertă specială,0,15,https://www.kaufland.ro/oferte/saptamana-curenta/produs.so_id=00130142.html,Valabilitate: din 21.10.2020 până în 27.10.2020
Absolut,Votcă,"0,7 l","(=1 l 61,42)",Reducere cu Kaufland Card,"51,79",- 16%,"42,99",,1,15,https://www.kaufland.ro/oferte/saptamana-curenta/produs.so_id=02200111.html,Valabilitate: din 21.10.2020 până în 27.10.2020
Coca Cola / Fanta / Sprite,Băutură răcoritoare,"2,5 l","(=1 l 2,00)",Reducere cu Kaufland Card,"5,99",- 16%,"4,99",,1,15,https://www.kaufland.ro/oferte/saptamana-curenta/produs.so_id=02300577.html,Valabilitate: din 21.10.2020 până în 27.10.2020
Albacher,Bere blondă,"0,66 l",,,,,"2,69",,1,15,https://www.kaufland.ro/oferte/saptamana-curenta/produs.so_id=00014038.html,Valabilitate: din 21.10.2020 până în 27.10.2020
Aqua Carpatica,Apă minerală naturală,2 la preț de 1,,,"7,78",- 50%,"3,89",,1,15,https://www.kaufland.ro/oferte/saptamana-curenta/produs.so_id=00029448.html,Valabilitate: din 21.10.2020 până în 27.10.2020
Heineken,Bere blondă,"6x0,33 l",,,"21,99",- 18%,"17,99",,1,15,https://www.kaufland.ro/oferte/saptamana-curenta/produs.so_id=00044292.html,Valabilitate: din 21.10.2020 până în 27.10.2020
Heineken,Bere blondă,"8 x 0,25 l",,,"22,99",- 19%,"18,49",,1,15,https://www.kaufland.ro/oferte/saptamana-curenta/produs.so_id=00057362.html,Valabilitate: din 21.10.2020 până în 27.10.2020
Becks,Bere blondă,"0,75 l",,,"5,19",- 23%,"3,99",,1,15,https://www.kaufland.ro/oferte/saptamana-curenta/produs.so_id=00088553.html,Valabilitate: din 21.10.2020 până în 27.10.2020
Silva Lager,Bere blondă,"6X0,5 l",,,"16,45",- 10%,"14,79",,1,15,https://www.kaufland.ro/oferte/saptamana-curenta/produs.so_id=00119878.html,Valabilitate: din 21.10.2020 până în 27.10.2020
Silva Dark,Bere brună,"6X0,5 l",,,"18,95",- 10%,"16,99",,1,15,https://www.kaufland.ro/oferte/saptamana-curenta/produs.so_id=00121271.html,Valabilitate: din 21.10.2020 până în 27.10.2020
Ciuc Radler,Bere fără alcool,"6X0,33 l",,,"10,45",- 10%,"9,39",,1,15,https://www.kaufland.ro/oferte/saptamana-curenta/produs.so_id=00127271.html,Valabilitate: din 21.10.2020 până în 27.10.2020
Savoy,Blended Whiskey,"0,7 l",,,"41,99",- 12%,"36,79",,1,15,https://www.kaufland.ro/oferte/saptamana-curenta/produs.so_id=00128721.html,Valabilitate: din 21.10.2020 până în 27.10.2020
Zizin,Apă minerală naturală plată,5 l,,,"4,79",- 16%,"3,99",,1,15,https://www.kaufland.ro/oferte/saptamana-curenta/produs.so_id=02300010.html,Valabilitate: din 21.10.2020 până în 27.10.2020
Stânceni,Apă minerală,2 l,,,"1,99",- 10%,"1,79",,1,15,https://www.kaufland.ro/oferte/saptamana-curenta/produs.so_id=02300847.html,Valabilitate: din 21.10.2020 până în 27.10.2020
Santal,Nectar / Suc,1 l,,,"6,15",- 9%,"5,55",,1,15,https://www.kaufland.ro/oferte/saptamana-curenta/produs.so_id=02300889.html,Valabilitate: din 21.10.2020 până în 27.10.2020
Golden Brau,Bere blondă,"6 x 0,5 l",,,"12,25",- 26%,"8,99",,1,15,https://www.kaufland.ro/oferte/saptamana-curenta/produs.so_id=02301220.html,Valabilitate: din 21.10.2020 până în 27.10.2020
Pampers Premium Care,Scutece pentru copii,70 / 58 / 52 / 42 buc,,,"79,99",- 18%,"64,95",,0,16,https://www.kaufland.ro/oferte/saptamana-curenta/produs.so_id=00109182.html,Valabilitate: din 21.10.2020 până în 27.10.2020
Hip&Hopps,Ghete pentru băieți,1 pereche,,,,,"49,99",Ofertă specială,0,16,https://www.kaufland.ro/oferte/saptamana-curenta/produs.so_id=00114027.html,Valabilitate: din 21.10.2020 până în 27.10.2020
Jachetă pentru copii,,1 buc,,,,,"69,99",Ofertă specială,0,16,https://www.kaufland.ro/oferte/saptamana-curenta/produs.so_id=00121786.html,Valabilitate: din 21.10.2020 până în 27.10.2020
Hip&Hopps,Blugi pentru băieţi,1 buc,,,,,"34,99",Ofertă specială,0,16,https://www.kaufland.ro/oferte/saptamana-curenta/produs.so_id=00125182.html,Valabilitate: din 21.10.2020 până în 27.10.2020
Hip&Hopps,Blugi pentru fete,1 buc,,,,,"34,99",Ofertă specială,0,16,https://www.kaufland.ro/oferte/saptamana-curenta/produs.so_id=00125460.html,Valabilitate: din 21.10.2020 până în 27.10.2020
Hip&Hopps,Set de iarnă pentru copii,1 buc,,,,,"21,99",Ofertă specială,0,16,https://www.kaufland.ro/oferte/saptamana-curenta/produs.so_id=00127998.html,Valabilitate: din 21.10.2020 până în 27.10.2020
Hip&Hopps,Cizme termo pentru băieți/fete,1 pereche,,,,,"54,99",Ofertă specială,0,16,https://www.kaufland.ro/oferte/saptamana-curenta/produs.so_id=00127999.html,Valabilitate: din 21.10.2020 până în 27.10.2020
Kuniboo,Maiou pentru băieți,1 set,,,,,"14,99",Ofertă specială,0,16,https://www.kaufland.ro/oferte/saptamana-curenta/produs.so_id=00128005.html,Valabilitate: din 21.10.2020 până în 27.10.2020
Kuniboo,Chiloți pentru fete,1 set,,,,,"10,99",Ofertă specială,0,16,https://www.kaufland.ro/oferte/saptamana-curenta/produs.so_id=00128006.html,Valabilitate: din 21.10.2020 până în 27.10.2020
Kuniboo,Maiou pentru fete,1 set,,,,,"14,99",Ofertă specială,0,16,https://www.kaufland.ro/oferte/saptamana-curenta/produs.so_id=00128045.html,Valabilitate: din 21.10.2020 până în 27.10.2020
Kuniboo,Căciulă și mănuși,1 buc,,,,,"24,99",Ofertă specială,0,16,https://www.kaufland.ro/oferte/saptamana-curenta/produs.so_id=00128132.html,Valabilitate: din 21.10.2020 până în 27.10.2020
Kuniboo,Bluză pentru băieți,1 set,,,,,"19,99",Ofertă specială,0,16,https://www.kaufland.ro/oferte/saptamana-curenta/produs.so_id=00128133.html,Valabilitate: din 21.10.2020 până în 27.10.2020
Kuniboo,Boxeri pentru băieți,1 set,,,,,"16,99",Ofertă specială,0,16,https://www.kaufland.ro/oferte/saptamana-curenta/produs.so_id=00128134.html,Valabilitate: din 21.10.2020 până în 27.10.2020
Kuniboo,Șosete pentru băieți,1 set,,,,,"12,99",Ofertă specială,0,16,https://www.kaufland.ro/oferte/saptamana-curenta/produs.so_id=00128135.html,Valabilitate: din 21.10.2020 până în 27.10.2020
Kuniboo,Dres pentru băieți,1 set,,,,,"15,99",Ofertă specială,0,16,https://www.kaufland.ro/oferte/saptamana-curenta/produs.so_id=00128136.html,Valabilitate: din 21.10.2020 până în 27.10.2020
Kuniboo,Pantaloni pentru băieți,1 buc,,,,,"24,99",Ofertă specială,0,16,https://www.kaufland.ro/oferte/saptamana-curenta/produs.so_id=00128137.html,Valabilitate: din 21.10.2020 până în 27.10.2020
Kuniboo,Hanorac pentru băieți,1 buc,,,,,"34,99",Ofertă specială,0,16,https://www.kaufland.ro/oferte/saptamana-curenta/produs.so_id=00128138.html,Valabilitate: din 21.10.2020 până în 27.10.2020
Kuniboo,Cizme pentru băieți,1 pereche,,,,,"44,99",Ofertă specială,0,16,https://www.kaufland.ro/oferte/saptamana-curenta/produs.so_id=00128139.html,Valabilitate: din 21.10.2020 până în 27.10.2020
Kuniboo,Set căciulă și mănuși,diferite culori,,,,,"24,99",Ofertă specială,0,16,https://www.kaufland.ro/oferte/saptamana-curenta/produs.so_id=00128140.html,Valabilitate: din 21.10.2020 până în 27.10.2020
Kuniboo,Bluză pentru fete,1 set,,,,,"19,99",Ofertă specială,0,16,https://www.kaufland.ro/oferte/saptamana-curenta/produs.so_id=00128141.html,Valabilitate: din 21.10.2020 până în 27.10.2020
Kuniboo,Șosete pentru fete,1 set,,,,,"12,99",Ofertă specială,0,16,https://www.kaufland.ro/oferte/saptamana-curenta/produs.so_id=00128142.html,Valabilitate: din 21.10.2020 până în 27.10.2020
Kuniboo,Dres pentru fete,1 set,,,,,"15,99",Ofertă specială,0,16,https://www.kaufland.ro/oferte/saptamana-curenta/produs.so_id=00128143.html,Valabilitate: din 21.10.2020 până în 27.10.2020
Kuniboo,Hanorac pentru fete,1 buc,,,,,"34,99",Ofertă specială,0,16,https://www.kaufland.ro/oferte/saptamana-curenta/produs.so_id=00128144.html,Valabilitate: din 21.10.2020 până în 27.10.2020
Kuniboo,Colanți termo pentru fete,1 set,,,,,"24,99",Ofertă specială,0,16,https://www.kaufland.ro/oferte/saptamana-curenta/produs.so_id=00128145.html,Valabilitate: din 21.10.2020 până în 27.10.2020
Kuniboo,Cizme pentru fete,1 pereche,,,,,"44,99",Ofertă specială,0,16,https://www.kaufland.ro/oferte/saptamana-curenta/produs.so_id=00128146.html,Valabilitate: din 21.10.2020 până în 27.10.2020
Geacă pentru copii,,1 buc,,,,,"89,99",Ofertă specială,0,16,https://www.kaufland.ro/oferte/saptamana-curenta/produs.so_id=00128941.html,Valabilitate: din 21.10.2020 până în 27.10.2020
Mini kalanchoe,,buc,,,,,"13,99",,1,16,https://www.kaufland.ro/oferte/saptamana-curenta/produs.so_id=00028527.html,Valabilitate: din 21.10.2020 până în 27.10.2020
Grepfrut roşu,,kg,,,"7,49",- 49%,"3,79",,1,16,https://www.kaufland.ro/oferte/saptamana-curenta/produs.so_id=09700027.html,Valabilitate: din 21.10.2020 până în 27.10.2020
Banane,,kg,,,"4,99",- 48%,"2,59",,1,16,https://www.kaufland.ro/oferte/saptamana-curenta/produs.so_id=09700041.html,Valabilitate: din 21.10.2020 până în 27.10.2020
Ciuperci Champignon,,caserolă 500 g,,,"5,99",- 30%,"4,19",,1,16,https://www.kaufland.ro/oferte/saptamana-curenta/produs.so_id=09700062.html,Valabilitate: din 21.10.2020 până în 27.10.2020
Ardei roşu,,kg,,,"9,79",- 33%,"6,49",,1,16,https://www.kaufland.ro/oferte/saptamana-curenta/produs.so_id=09700077.html,Valabilitate: din 21.10.2020 până în 27.10.2020
Struguri albi,,kg,,,"5,99",- 36%,"3,79",,1,16,https://www.kaufland.ro/oferte/saptamana-curenta/produs.so_id=09700088.html,Valabilitate: din 21.10.2020 până în 27.10.2020
Pere Conference,,kg,,,"6,29",- 31%,"4,29",,1,16,https://www.kaufland.ro/oferte/saptamana-curenta/produs.so_id=09700118.html,Valabilitate: din 21.10.2020 până în 27.10.2020
Cartofi albi,,kg,,,"1,19",- 33%,"0,79",,1,16,https://www.kaufland.ro/oferte/saptamana-curenta/produs.so_id=09700251.html,Valabilitate: din 21.10.2020 până în 27.10.2020
Spanac baby,,2 la preț de 1,,,"8,78",- 50%,"4,39",,1,16,https://www.kaufland.ro/oferte/saptamana-curenta/produs.so_id=09700320.html,Valabilitate: din 21.10.2020 până în 27.10.2020
Roşii Cherry ciorchine,,caserolă 500 g,,,"6,49",- 32%,"4,39",,1,16,https://www.kaufland.ro/oferte/saptamana-curenta/produs.so_id=09700461.html,Valabilitate: din 21.10.2020 până în 27.10.2020
Schlumbergera,,buc,,,,,"7,99",,1,16,https://www.kaufland.ro/oferte/saptamana-curenta/produs.so_id=09900450.html,Valabilitate: din 21.10.2020 până în 27.10.2020
Anthurium,,buc,,,,,"29,99",,1,16,https://www.kaufland.ro/oferte/saptamana-curenta/produs.so_id=09901130.html,Valabilitate: din 21.10.2020 până în 27.10.2020
